TEAM ID,TIME STAMPING,PACKET COUNT,ALTITUDE,PRESSURE,TEMP,VOLTAGE,GNSS TIME,GNSS LATITUDE,GNSS LONGITUDE,GNSS ALTITUDE,GNSS SATS,ACCELEROMETER DATA,GYRO SPIN RATE,FLIGHT SOFTWARE STATE,ANY OPTIONAL DATA
2026 IN-SPACe-PVC,0.26,0,-0.07,101325.00,25.00,7.40,0,0.000000,0.000000,0.00,8,0.00,0.00,TEST_MODE,PHASE=Grounded,ROLL=2.0,PITCH=0.0,YAW=0.0
2026 IN-SPACe-PVC,0.52,1,0.00,101325.00,25.00,7.40,0,0.000000,0.000000,0.00,8,0.00,0.00,TEST_MODE,PHASE=Grounded,ROLL=2.0,PITCH=0.0,YAW=0.0
2026 IN-SPACe-PVC,0.78,2,0.01,101325.00,25.00,7.40,0,0.000000,0.000000,0.00,8,0.00,0.00,TEST_MODE,PHASE=Grounded,ROLL=2.0,PITCH=0.0,YAW=0.0
2026 IN-SPACe-PVC,1.04,3,0.09,101325.00,25.00,7.40,0,0.000000,0.000000,0.00,8,0.00,0.00,TEST_MODE,PHASE=Grounded,ROLL=2.0,PITCH=0.0,YAW=0.0
2026 IN-SPACe-PVC,1.30,4,-0.02,101325.00,25.00,7.40,0,0.000000,0.000000,0.00,8,0.00,0.00,TEST_MODE,PHASE=Grounded,ROLL=2.0,PITCH=0.0,YAW=0.0
2026 IN-SPACe-PVC,1.56,5,0.03,101325.00,25.00,7.40,0,0.000000,0.000000,0.00,8,0.00,0.00,TEST_MODE,PHASE=Grounded,ROLL=2.0,PITCH=0.0,YAW=0.0
2026 IN-SPACe-PVC,1.82,6,0.05,101325.00,25.00,7.40,0,0.000000,0.000000,0.00,8,0.00,0.00,TEST_MODE,PHASE=Grounded,ROLL=2.0,PITCH=0.0,YAW=0.0
2026 IN-SPACe-PVC,2.08,7,0.07,101325.00,25.00,7.40,0,0.000000,0.000000,0.00,8,0.00,0.00,TEST_MODE,PHASE=Grounded,ROLL=2.0,PITCH=0.0,YAW=0.0
2026 IN-SPACe-PVC,2.34,8,-0.02,101325.00,25.00,7.40,0,0.000000,0.000000,0.00,8,0.00,0.00,TEST_MODE,PHASE=Grounded,ROLL=2.0,PITCH=0.0,YAW=0.0
2026 IN-SPACe-PVC,2.60,9,0.01,101325.00,25.00,7.40,0,0.000000,0.000000,0.00,8,0.00,0.00,TEST_MODE,PHASE=Grounded,ROLL=2.0,PITCH=0.0,YAW=0.0
2026 IN-SPACe-PVC,2.86,10,-0.12,101325.00,25.00,7.40,0,0.000000,0.000000,0.00,8,0.00,0.00,TEST_MODE,PHASE=Grounded,ROLL=2.0,PITCH=0.0,YAW=0.0
2026 IN-SPACe-PVC,3.12,11,-0.10,101325.00,25.00,7.40,0,0.000000,0.000000,0.00,8,0.00,0.00,Prelaunch_Check,PHASE=Grounded,ROLL=2.0,PITCH=0.0,YAW=0.0
2026 IN-SPACe-PVC,3.38,12,0.08,101325.00,25.00,7.40,0,0.000000,0.000000,0.00,8,0.00,0.00,Prelaunch_Check,PHASE=Grounded,ROLL=2.0,PITCH=0.0,YAW=0.0
2026 IN-SPACe-PVC,3.64,13,-0.00,101325.00,25.00,7.40,0,0.000000,0.000000,0.00,8,0.00,0.00,Prelaunch_Check,PHASE=Grounded,ROLL=2.0,PITCH=0.0,YAW=0.0
2026 IN-SPACe-PVC,3.90,14,0.01,101325.00,25.00,7.40,0,0.000000,0.000000,0.00,8,0.00,0.00,Prelaunch_Check,PHASE=Grounded,ROLL=2.0,PITCH=0.0,YAW=0.0
2026 IN-SPACe-PVC,4.16,15,-0.00,101325.00,25.00,7.40,0,0.000000,0.000000,0.00,8,0.00,0.00,Prelaunch_Check,PHASE=Grounded,ROLL=2.0,PITCH=0.0,YAW=0.0
2026 IN-SPACe-PVC,4.42,16,-0.01,101325.00,25.00,7.40,0,0.000000,0.000000,0.00,8,0.00,0.00,Prelaunch_Check,PHASE=Grounded,ROLL=2.0,PITCH=0.0,YAW=0.0
2026 IN-SPACe-PVC,4.68,17,-0.01,101325.00,25.00,7.40,0,0.000000,0.000000,0.00,8,0.00,0.00,Prelaunch_Check,PHASE=Grounded,ROLL=2.0,PITCH=0.0,YAW=0.0
2026 IN-SPACe-PVC,4.94,18,-0.02,101325.00,25.00,7.40,0,0.000000,0.000000,0.00,8,0.00,0.00,Prelaunch_Check,PHASE=Grounded,ROLL=2.0,PITCH=0.0,YAW=0.0
2026 IN-SPACe-PVC,5.20,19,0.08,101325.00,25.00,7.40,0,0.000000,0.000000,0.00,8,0.00,0.00,Launch_Pad,PHASE=Grounded,ROLL=2.0,PITCH=0.0,YAW=0.0
2026 IN-SPACe-PVC,5.46,20,-0.07,101325.00,25.00,7.40,0,0.000000,0.000000,0.00,8,0.00,0.00,Launch_Pad,PHASE=Grounded,ROLL=2.0,PITCH=0.0,YAW=0.0
2026 IN-SPACe-PVC,5.72,21,0.05,101325.00,25.00,7.40,0,0.000000,0.000000,0.00,8,0.00,0.00,Launch_Pad,PHASE=Grounded,ROLL=2.0,PITCH=0.0,YAW=0.0
2026 IN-SPACe-PVC,5.98,22,0.02,101325.00,25.00,7.40,0,0.000000,0.000000,0.00,8,0.00,0.00,Launch_Pad,PHASE=Grounded,ROLL=2.0,PITCH=0.0,YAW=0.0
2026 IN-SPACe-PVC,6.24,23,0.02,101325.00,25.00,7.40,0,0.000000,0.000000,0.00,8,0.00,0.00,Launch_Pad,PHASE=Grounded,ROLL=2.0,PITCH=0.0,YAW=0.0
2026 IN-SPACe-PVC,6.50,24,0.02,101325.00,25.00,7.40,0,0.000000,0.000000,0.00,8,0.00,0.00,Launch_Pad,PHASE=Grounded,ROLL=2.0,PITCH=0.0,YAW=0.0
2026 IN-SPACe-PVC,6.76,25,0.04,101325.00,25.00,7.40,0,0.000000,0.000000,0.00,8,0.00,0.00,Launch_Pad,PHASE=Grounded,ROLL=2.0,PITCH=0.0,YAW=0.0
2026 IN-SPACe-PVC,7.02,26,-0.02,101325.00,25.00,7.40,0,0.000000,0.000000,0.00,8,0.00,0.00,Launch_Pad,PHASE=Grounded,ROLL=2.0,PITCH=0.0,YAW=0.0
2026 IN-SPACe-PVC,7.28,27,0.02,101325.00,25.00,7.40,0,0.000000,0.000000,0.00,8,0.00,0.00,Launch_Pad,PHASE=Grounded,ROLL=2.0,PITCH=0.0,YAW=0.0
2026 IN-SPACe-PVC,7.54,28,0.02,101325.00,25.00,7.40,0,0.000000,0.000000,0.00,8,0.00,0.00,Launch_Pad,PHASE=Grounded,ROLL=2.0,PITCH=0.0,YAW=0.0
2026 IN-SPACe-PVC,7.80,29,0.02,101325.00,25.00,7.40,0,0.000000,0.000000,0.00,8,0.00,0.00,Launch_Pad,PHASE=Grounded,ROLL=2.0,PITCH=0.0,YAW=0.0
2026 IN-SPACe-PVC,8.06,30,-0.03,101325.00,25.00,7.40,0,0.000000,0.000000,0.00,8,0.00,0.00,Launch_Pad,PHASE=Grounded,ROLL=2.0,PITCH=0.0,YAW=0.0
2026 IN-SPACe-PVC,8.32,31,0.05,101325.00,25.00,7.40,0,0.000000,0.000000,0.00,8,0.00,0.00,Launch_Pad,PHASE=Grounded,ROLL=2.0,PITCH=0.0,YAW=0.0
2026 IN-SPACe-PVC,8.58,32,-0.07,101325.00,25.00,7.40,0,0.000000,0.000000,0.00,8,0.00,0.00,Launch_Pad,PHASE=Grounded,ROLL=2.0,PITCH=0.0,YAW=0.0
2026 IN-SPACe-PVC,8.84,33,-0.02,101325.00,25.00,7.40,0,0.000000,0.000000,0.00,8,0.00,0.00,Launch_Pad,PHASE=Grounded,ROLL=2.0,PITCH=0.0,YAW=0.0
2026 IN-SPACe-PVC,9.10,34,-0.01,101325.00,25.00,7.40,0,0.000000,0.000000,0.00,8,0.00,0.00,Launch_Pad,PHASE=Grounded,ROLL=2.0,PITCH=0.0,YAW=0.0
2026 IN-SPACe-PVC,9.36,35,0.01,101325.00,25.00,7.40,0,0.000000,0.000000,0.00,8,0.00,0.00,Launch_Pad,PHASE=Grounded,ROLL=2.0,PITCH=0.0,YAW=0.0
2026 IN-SPACe-PVC,9.62,36,0.02,101325.00,25.00,7.40,0,0.000000,0.000000,0.00,8,0.00,0.00,Launch_Pad,PHASE=Grounded,ROLL=2.0,PITCH=0.0,YAW=0.0
2026 IN-SPACe-PVC,9.88,37,-0.01,101325.00,25.00,7.40,0,0.000000,0.000000,0.00,8,0.00,0.00,Launch_Pad,PHASE=Grounded,ROLL=2.0,PITCH=0.0,YAW=0.0
2026 IN-SPACe-PVC,10.14,38,0.05,101325.00,25.00,7.40,0,0.000000,0.000000,0.00,8,42.69,0.00,Launch_Pad,PHASE=Powered ascent,ROLL=2.0,PITCH=0.0,YAW=0.0
2026 IN-SPACe-PVC,10.40,39,1.78,101325.00,25.00,7.40,0,0.000000,0.000000,0.00,8,42.69,0.00,Launch_Pad,PHASE=Powered ascent,ROLL=2.0,PITCH=0.0,YAW=0.0
2026 IN-SPACe-PVC,10.66,40,6.29,101325.00,25.00,7.40,0,0.000000,0.000000,0.00,8,42.69,0.00,Ascent,PHASE=Powered ascent,ROLL=2.0,PITCH=0.0,YAW=0.0
2026 IN-SPACe-PVC,10.92,41,13.82,101325.00,25.00,7.40,0,0.000000,0.000000,0.00,8,42.69,0.00,Ascent,PHASE=Powered ascent,ROLL=2.0,PITCH=0.0,YAW=0.0
2026 IN-SPACe-PVC,11.18,42,24.17,101325.00,25.00,7.40,0,0.000000,0.000000,0.00,8,42.69,0.00,Ascent,PHASE=Powered ascent,ROLL=2.0,PITCH=0.0,YAW=0.0
2026 IN-SPACe-PVC,11.44,43,37.47,101325.00,25.00,7.40,0,0.000000,0.000000,0.00,8,42.69,0.00,Ascent,PHASE=Powered ascent,ROLL=2.0,PITCH=0.0,YAW=0.0
2026 IN-SPACe-PVC,11.70,44,53.62,101325.00,25.00,7.40,0,0.000000,0.000000,0.00,8,42.69,0.00,Ascent,PHASE=Powered ascent,ROLL=2.0,PITCH=0.0,YAW=0.0
2026 IN-SPACe-PVC,11.96,45,72.58,101325.00,25.00,7.40,0,0.000000,0.000000,0.00,8,42.69,0.00,Ascent,PHASE=Powered ascent,ROLL=2.0,PITCH=0.0,YAW=0.0
2026 IN-SPACe-PVC,12.22,46,94.53,101325.00,25.00,7.40,0,0.000000,0.000000,0.00,8,42.69,0.00,Ascent,PHASE=Powered ascent,ROLL=2.0,PITCH=0.0,YAW=0.0
2026 IN-SPACe-PVC,12.48,47,119.27,101325.00,25.00,7.40,0,0.000000,0.000000,0.00,8,42.69,0.00,Ascent,PHASE=Powered ascent,ROLL=2.0,PITCH=0.0,YAW=0.0
2026 IN-SPACe-PVC,12.74,48,146.94,101325.00,25.00,7.40,0,0.000000,0.000000,0.00,8,42.69,0.00,Ascent,PHASE=Powered ascent,ROLL=2.0,PITCH=0.0,YAW=0.0
2026 IN-SPACe-PVC,13.00,49,177.57,101325.00,25.00,7.40,0,0.000000,0.000000,0.00,8,42.69,0.00,Ascent,PHASE=Powered ascent,ROLL=2.0,PITCH=0.0,YAW=0.0
2026 IN-SPACe-PVC,13.26,50,210.46,101325.00,25.00,7.40,0,0.000000,0.000000,0.00,8,-9.81,0.00,Ascent,PHASE=Coast,ROLL=2.0,PITCH=0.0,YAW=0.0
2026 IN-SPACe-PVC,13.52,51,243.31,101325.00,25.00,7.40,0,0.000000,0.000000,0.00,8,-9.81,0.00,Ascent,PHASE=Coast,ROLL=2.0,PITCH=0.0,YAW=0.0
2026 IN-SPACe-PVC,13.78,52,275.63,101325.00,25.00,7.40,0,0.000000,0.000000,0.00,8,-9.81,0.00,Ascent,PHASE=Coast,ROLL=2.0,PITCH=0.0,YAW=0.0
2026 IN-SPACe-PVC,14.04,53,307.21,101325.00,25.00,7.40,0,0.000000,0.000000,0.00,8,-9.81,0.00,Ascent,PHASE=Coast,ROLL=2.0,PITCH=0.0,YAW=0.0
2026 IN-SPACe-PVC,14.30,54,338.05,101325.00,25.00,7.40,0,0.000000,0.000000,0.00,8,-9.81,0.00,Ascent,PHASE=Coast,ROLL=2.0,PITCH=0.0,YAW=0.0
2026 IN-SPACe-PVC,14.56,55,368.27,101325.00,25.00,7.40,0,0.000000,0.000000,0.00,8,-9.81,0.00,Ascent,PHASE=Coast,ROLL=2.0,PITCH=0.0,YAW=0.0
2026 IN-SPACe-PVC,14.82,56,397.83,101325.00,25.00,7.40,0,0.000000,0.000000,0.00,8,-9.81,0.00,Ascent,PHASE=Coast,ROLL=2.0,PITCH=0.0,YAW=0.0
2026 IN-SPACe-PVC,15.08,57,426.75,101325.00,25.00,7.40,0,0.000000,0.000000,0.00,8,-9.81,0.00,Ascent,PHASE=Coast,ROLL=2.0,PITCH=0.0,YAW=0.0
2026 IN-SPACe-PVC,15.34,58,454.89,101325.00,25.00,7.40,0,0.000000,0.000000,0.00,8,-9.81,0.00,Ascent,PHASE=Coast,ROLL=2.0,PITCH=0.0,YAW=0.0
2026 IN-SPACe-PVC,15.60,59,482.48,101325.00,25.00,7.40,0,0.000000,0.000000,0.00,8,-9.81,0.00,Ascent,PHASE=Coast,ROLL=2.0,PITCH=0.0,YAW=0.0
2026 IN-SPACe-PVC,15.86,60,509.38,101325.00,25.00,7.40,0,0.000000,0.000000,0.00,8,-9.81,0.00,Ascent,PHASE=Coast,ROLL=2.0,PITCH=0.0,YAW=0.0
2026 IN-SPACe-PVC,16.12,61,535.70,101325.00,25.00,7.40,0,0.000000,0.000000,0.00,8,-9.81,0.00,Ascent,PHASE=Coast,ROLL=2.0,PITCH=0.0,YAW=0.0
2026 IN-SPACe-PVC,16.38,62,561.28,101325.00,25.00,7.40,0,0.000000,0.000000,0.00,8,-9.81,0.00,Ascent,PHASE=Coast,ROLL=2.0,PITCH=0.0,YAW=0.0
2026 IN-SPACe-PVC,16.64,63,586.17,101325.00,25.00,7.40,0,0.000000,0.000000,0.00,8,-9.81,0.00,Ascent,PHASE=Coast,ROLL=2.0,PITCH=0.0,YAW=0.0
2026 IN-SPACe-PVC,16.90,64,610.44,101325.00,25.00,7.40,0,0.000000,0.000000,0.00,8,-9.81,0.00,Ascent,PHASE=Coast,ROLL=2.0,PITCH=0.0,YAW=0.0
2026 IN-SPACe-PVC,17.16,65,634.04,101325.00,25.00,7.40,0,0.000000,0.000000,0.00,8,-9.81,0.00,Ascent,PHASE=Coast,ROLL=2.0,PITCH=0.0,YAW=0.0
2026 IN-SPACe-PVC,17.42,66,656.93,101325.00,25.00,7.40,0,0.000000,0.000000,0.00,8,-9.81,0.00,Ascent,PHASE=Coast,ROLL=2.0,PITCH=0.0,YAW=0.0
2026 IN-SPACe-PVC,17.68,67,679.22,101325.00,25.00,7.40,0,0.000000,0.000000,0.00,8,-9.81,0.00,Ascent,PHASE=Coast,ROLL=2.0,PITCH=0.0,YAW=0.0
2026 IN-SPACe-PVC,17.94,68,700.84,101325.00,25.00,7.40,0,0.000000,0.000000,0.00,8,-9.81,0.00,Ascent,PHASE=Coast,ROLL=2.0,PITCH=0.0,YAW=0.0
2026 IN-SPACe-PVC,18.20,69,721.90,101325.00,25.00,7.40,0,0.000000,0.000000,0.00,8,-9.81,0.00,Ascent,PHASE=Coast,ROLL=2.0,PITCH=0.0,YAW=0.0
2026 IN-SPACe-PVC,18.46,70,742.10,101325.00,25.00,7.40,0,0.000000,0.000000,0.00,8,-9.81,0.00,Ascent,PHASE=Coast,ROLL=2.0,PITCH=0.0,YAW=0.0
2026 IN-SPACe-PVC,18.72,71,761.78,101325.00,25.00,7.40,0,0.000000,0.000000,0.00,8,-9.81,0.00,Ascent,PHASE=Coast,ROLL=2.0,PITCH=0.0,YAW=0.0
2026 IN-SPACe-PVC,18.98,72,780.66,101325.00,25.00,7.40,0,0.000000,0.000000,0.00,8,-9.81,0.00,Ascent,PHASE=Coast,ROLL=2.0,PITCH=0.0,YAW=0.0
2026 IN-SPACe-PVC,19.24,73,798.98,101325.00,25.00,7.40,0,0.000000,0.000000,0.00,8,-9.81,0.00,Ascent,PHASE=Coast,ROLL=2.0,PITCH=0.0,YAW=0.0
2026 IN-SPACe-PVC,19.50,74,816.61,101325.00,25.00,7.40,0,0.000000,0.000000,0.00,8,-9.81,0.00,Ascent,PHASE=Coast,ROLL=2.0,PITCH=0.0,YAW=0.0
2026 IN-SPACe-PVC,19.76,75,833.48,101325.00,25.00,7.40,0,0.000000,0.000000,0.00,8,-9.81,0.00,Ascent,PHASE=Coast,ROLL=2.0,PITCH=0.0,YAW=0.0
2026 IN-SPACe-PVC,20.02,76,849.87,101325.00,25.00,7.40,0,0.000000,0.000000,0.00,8,-9.81,0.00,Ascent,PHASE=Coast,ROLL=2.0,PITCH=0.0,YAW=0.0
2026 IN-SPACe-PVC,20.28,77,865.51,101325.00,25.00,7.40,0,0.000000,0.000000,0.00,8,-9.81,0.00,Ascent,PHASE=Coast,ROLL=2.0,PITCH=0.0,YAW=0.0
2026 IN-SPACe-PVC,20.54,78,880.47,101325.00,25.00,7.40,0,0.000000,0.000000,0.00,8,-9.81,0.00,Ascent,PHASE=Coast,ROLL=2.0,PITCH=0.0,YAW=0.0
2026 IN-SPACe-PVC,20.80,79,894.77,101325.00,25.00,7.40,0,0.000000,0.000000,0.00,8,-9.81,0.00,Ascent,PHASE=Coast,ROLL=2.0,PITCH=0.0,YAW=0.0
2026 IN-SPACe-PVC,21.06,80,908.42,101325.00,25.00,7.40,0,0.000000,0.000000,0.00,8,-9.81,0.00,Ascent,PHASE=Coast,ROLL=2.0,PITCH=0.0,YAW=0.0
2026 IN-SPACe-PVC,21.32,81,921.35,101325.00,25.00,7.40,0,0.000000,0.000000,0.00,8,-9.81,0.00,Ascent,PHASE=Coast,ROLL=2.0,PITCH=0.0,YAW=0.0
2026 IN-SPACe-PVC,21.58,82,933.70,101325.00,25.00,7.40,0,0.000000,0.000000,0.00,8,-9.81,0.00,Ascent,PHASE=Coast,ROLL=2.0,PITCH=0.0,YAW=0.0
2026 IN-SPACe-PVC,21.84,83,945.35,101325.00,25.00,7.40,0,0.000000,0.000000,0.00,8,-9.81,0.00,Ascent,PHASE=Coast,ROLL=2.0,PITCH=0.0,YAW=0.0
2026 IN-SPACe-PVC,22.10,84,956.42,101325.00,25.00,7.40,0,0.000000,0.000000,0.00,8,-9.81,0.00,Ascent,PHASE=Coast,ROLL=2.0,PITCH=0.0,YAW=0.0
2026 IN-SPACe-PVC,22.36,85,966.73,101325.00,25.00,7.40,0,0.000000,0.000000,0.00,8,-9.81,0.00,Ascent,PHASE=Coast,ROLL=2.0,PITCH=0.0,YAW=0.0
2026 IN-SPACe-PVC,22.62,86,976.41,101325.00,25.00,7.40,0,0.000000,0.000000,0.00,8,-9.81,0.00,Ascent,PHASE=Coast,ROLL=2.0,PITCH=0.0,YAW=0.0
2026 IN-SPACe-PVC,22.88,87,985.44,101325.00,25.00,7.40,0,0.000000,0.000000,0.00,8,-9.81,0.00,Ascent,PHASE=Coast,ROLL=2.0,PITCH=0.0,YAW=0.0
2026 IN-SPACe-PVC,23.14,88,993.80,101325.00,25.00,7.40,0,0.000000,0.000000,0.00,8,-9.81,0.00,Ascent,PHASE=Coast,ROLL=2.0,PITCH=0.0,YAW=0.0
2026 IN-SPACe-PVC,23.40,89,1001.41,101325.00,25.00,7.40,0,0.000000,0.000000,0.00,8,-9.81,0.00,Ascent,PHASE=Coast,ROLL=2.0,PITCH=0.0,YAW=0.0
2026 IN-SPACe-PVC,23.66,90,1008.51,101325.00,25.00,7.40,0,0.000000,0.000000,0.00,8,-9.81,0.00,Ascent,PHASE=Coast,ROLL=2.0,PITCH=0.0,YAW=0.0
2026 IN-SPACe-PVC,23.92,91,1014.81,101325.00,25.00,7.40,0,0.000000,0.000000,0.00,8,-9.81,0.00,Ascent,PHASE=Coast,ROLL=2.0,PITCH=0.0,YAW=0.0
2026 IN-SPACe-PVC,24.18,92,1020.52,101325.00,25.00,7.40,0,0.000000,0.000000,0.00,8,-9.81,0.00,Ascent,PHASE=Coast,ROLL=2.0,PITCH=0.0,YAW=0.0
2026 IN-SPACe-PVC,24.44,93,1025.67,101325.00,25.00,7.40,0,0.000000,0.000000,0.00,8,-9.81,0.00,Ascent,PHASE=Coast,ROLL=2.0,PITCH=0.0,YAW=0.0
2026 IN-SPACe-PVC,24.70,94,1029.98,101325.00,25.00,7.40,0,0.000000,0.000000,0.00,8,-9.81,0.00,Ascent,PHASE=Coast,ROLL=2.0,PITCH=0.0,YAW=0.0
2026 IN-SPACe-PVC,24.96,95,1033.68,101325.00,25.00,7.40,0,0.000000,0.000000,0.00,8,-9.81,0.00,Ascent,PHASE=Coast,ROLL=2.0,PITCH=0.0,YAW=0.0
2026 IN-SPACe-PVC,25.22,96,1036.69,101325.00,25.00,7.40,0,0.000000,0.000000,0.00,8,-9.81,0.00,Ascent,PHASE=Coast,ROLL=2.0,PITCH=0.0,YAW=0.0
2026 IN-SPACe-PVC,25.48,97,1039.07,101325.00,25.00,7.40,0,0.000000,0.000000,0.00,8,-9.81,0.00,Ascent,PHASE=Coast,ROLL=2.0,PITCH=0.0,YAW=0.0
2026 IN-SPACe-PVC,25.74,98,1040.82,101325.00,25.00,7.40,0,0.000000,0.000000,0.00,8,-9.81,0.00,Ascent,PHASE=Coast,ROLL=2.0,PITCH=0.0,YAW=0.0
2026 IN-SPACe-PVC,26.00,99,1041.88,101325.00,25.00,7.40,0,0.000000,0.000000,0.00,8,-9.81,0.00,Ascent,PHASE=Coast,ROLL=2.0,PITCH=0.0,YAW=0.0
2026 IN-SPACe-PVC,26.26,100,1042.19,101325.00,25.00,7.40,0,0.000000,0.000000,0.00,8,-9.81,0.00,Ascent,PHASE=Ballistic descent,ROLL=2.0,PITCH=0.0,YAW=0.0
2026 IN-SPACe-PVC,26.52,101,1041.98,101325.00,25.00,7.40,0,0.000000,0.000000,0.00,8,-9.81,0.00,Ascent,PHASE=Ballistic descent,ROLL=2.0,PITCH=0.0,YAW=0.0
2026 IN-SPACe-PVC,26.78,102,1041.11,101325.00,25.00,7.40,0,0.000000,0.000000,0.00,8,-9.81,0.00,Ascent,PHASE=Ballistic descent,ROLL=2.0,PITCH=0.0,YAW=0.0
2026 IN-SPACe-PVC,27.04,103,1039.37,101325.00,25.00,7.40,0,0.000000,0.000000,0.00,8,-9.81,0.00,Ascent,PHASE=Ballistic descent,ROLL=2.0,PITCH=0.0,YAW=0.0
2026 IN-SPACe-PVC,27.30,104,1037.25,101325.00,25.00,7.40,0,0.000000,0.000000,0.00,8,-9.81,0.00,Apogee_confirm,PHASE=Ballistic descent,ROLL=2.0,PITCH=0.0,YAW=0.0
2026 IN-SPACe-PVC,27.56,105,1034.35,101325.00,25.00,7.40,0,0.000000,0.000000,0.00,8,-9.81,0.00,Apogee_confirm,PHASE=Ballistic descent,ROLL=2.0,PITCH=0.0,YAW=0.0
2026 IN-SPACe-PVC,27.82,106,1030.61,101325.00,25.00,7.40,0,0.000000,0.000000,0.00,8,-9.81,0.00,Apogee_confirm,PHASE=Ballistic descent,ROLL=2.0,PITCH=0.0,YAW=0.0
2026 IN-SPACe-PVC,28.08,107,1027.23,101325.00,25.00,7.40,0,0.000000,0.000000,0.00,8,0.00,0.00,Descent,PHASE=Ballistic descent,ROLL=2.0,PITCH=0.0,YAW=0.0
2026 IN-SPACe-PVC,28.34,108,1026.20,101325.00,25.00,7.40,0,0.000000,0.000000,0.00,8,0.00,0.00,Descent,PHASE=Ballistic descent,ROLL=2.0,PITCH=0.0,YAW=0.0
2026 IN-SPACe-PVC,28.60,109,1025.39,101325.00,25.00,7.40,0,0.000000,0.000000,0.00,8,0.00,0.00,Descent,PHASE=Ballistic descent,ROLL=2.0,PITCH=0.0,YAW=0.0
2026 IN-SPACe-PVC,28.86,110,1024.49,101325.00,25.00,7.40,0,0.000000,0.000000,0.00,8,0.00,0.00,Descent,PHASE=Ballistic descent,ROLL=2.0,PITCH=0.0,YAW=0.0
2026 IN-SPACe-PVC,29.12,111,1023.55,101325.00,25.00,7.40,0,0.000000,0.000000,0.00,8,0.00,0.00,Descent,PHASE=Ballistic descent,ROLL=2.0,PITCH=0.0,YAW=0.0
2026 IN-SPACe-PVC,29.38,112,1022.71,101325.00,25.00,7.40,0,0.000000,0.000000,0.00,8,0.00,0.00,Descent,PHASE=Ballistic descent,ROLL=2.0,PITCH=0.0,YAW=0.0
2026 IN-SPACe-PVC,29.64,113,1021.69,101325.00,25.00,7.40,0,0.000000,0.000000,0.00,8,0.00,0.00,Descent,PHASE=Ballistic descent,ROLL=2.0,PITCH=0.0,YAW=0.0
2026 IN-SPACe-PVC,29.90,114,1020.86,101325.00,25.00,7.40,0,0.000000,0.000000,0.00,8,0.00,0.00,Descent,PHASE=Ballistic descent,ROLL=2.0,PITCH=0.0,YAW=0.0
2026 IN-SPACe-PVC,30.16,115,1019.93,101325.00,25.00,7.40,0,0.000000,0.000000,0.00,8,0.00,0.00,Descent,PHASE=Ballistic descent,ROLL=2.0,PITCH=0.0,YAW=0.0
2026 IN-SPACe-PVC,30.42,116,1018.92,101325.00,25.00,7.40,0,0.000000,0.000000,0.00,8,0.00,0.00,Descent,PHASE=Ballistic descent,ROLL=2.0,PITCH=0.0,YAW=0.0
2026 IN-SPACe-PVC,30.68,117,1018.07,101325.00,25.00,7.40,0,0.000000,0.000000,0.00,8,0.00,0.00,Descent,PHASE=Ballistic descent,ROLL=2.0,PITCH=0.0,YAW=0.0
2026 IN-SPACe-PVC,30.94,118,1017.14,101325.00,25.00,7.40,0,0.000000,0.000000,0.00,8,0.00,0.00,Descent,PHASE=Ballistic descent,ROLL=2.0,PITCH=0.0,YAW=0.0
2026 IN-SPACe-PVC,31.20,119,1016.38,101325.00,25.00,7.40,0,0.000000,0.000000,0.00,8,0.00,0.00,Descent,PHASE=Ballistic descent,ROLL=2.0,PITCH=0.0,YAW=0.0
2026 IN-SPACe-PVC,31.46,120,1015.33,101325.00,25.00,7.40,0,0.000000,0.000000,0.00,8,0.00,0.00,Descent,PHASE=Ballistic descent,ROLL=2.0,PITCH=0.0,YAW=0.0
2026 IN-SPACe-PVC,31.72,121,1014.48,101325.00,25.00,7.40,0,0.000000,0.000000,0.00,8,0.00,0.00,Descent,PHASE=Ballistic descent,ROLL=2.0,PITCH=0.0,YAW=0.0
2026 IN-SPACe-PVC,31.98,122,1013.60,101325.00,25.00,7.40,0,0.000000,0.000000,0.00,8,0.00,0.00,Descent,PHASE=Ballistic descent,ROLL=2.0,PITCH=0.0,YAW=0.0
2026 IN-SPACe-PVC,32.24,123,1012.65,101325.00,25.00,7.40,0,0.000000,0.000000,0.00,8,0.00,0.00,Descent,PHASE=Ballistic descent,ROLL=2.0,PITCH=0.0,YAW=0.0
2026 IN-SPACe-PVC,32.50,124,1011.74,101325.00,25.00,7.40,0,0.000000,0.000000,0.00,8,0.00,0.00,Descent,PHASE=Ballistic descent,ROLL=2.0,PITCH=0.0,YAW=0.0
2026 IN-SPACe-PVC,32.76,125,1010.81,101325.00,25.00,7.40,0,0.000000,0.000000,0.00,8,0.00,0.00,Descent,PHASE=Ballistic descent,ROLL=2.0,PITCH=0.0,YAW=0.0
2026 IN-SPACe-PVC,33.02,126,1009.87,101325.00,25.00,7.40,0,0.000000,0.000000,0.00,8,0.00,0.00,Descent,PHASE=Ballistic descent,ROLL=2.0,PITCH=0.0,YAW=0.0
2026 IN-SPACe-PVC,33.28,127,1009.05,101325.00,25.00,7.40,0,0.000000,0.000000,0.00,8,0.00,0.00,Descent,PHASE=Ballistic descent,ROLL=2.0,PITCH=0.0,YAW=0.0
2026 IN-SPACe-PVC,33.54,128,1008.05,101325.00,25.00,7.40,0,0.000000,0.000000,0.00,8,0.00,0.00,Descent,PHASE=Ballistic descent,ROLL=2.0,PITCH=0.0,YAW=0.0
2026 IN-SPACe-PVC,33.80,129,1007.15,101325.00,25.00,7.40,0,0.000000,0.000000,0.00,8,0.00,0.00,Descent,PHASE=Ballistic descent,ROLL=2.0,PITCH=0.0,YAW=0.0
2026 IN-SPACe-PVC,34.06,130,1006.28,101325.00,25.00,7.40,0,0.000000,0.000000,0.00,8,0.00,0.00,Descent,PHASE=Ballistic descent,ROLL=2.0,PITCH=0.0,YAW=0.0
2026 IN-SPACe-PVC,34.32,131,1005.28,101325.00,25.00,7.40,0,0.000000,0.000000,0.00,8,0.00,0.00,Descent,PHASE=Ballistic descent,ROLL=2.0,PITCH=0.0,YAW=0.0
2026 IN-SPACe-PVC,34.58,132,1004.45,101325.00,25.00,7.40,0,0.000000,0.000000,0.00,8,0.00,0.00,Descent,PHASE=Ballistic descent,ROLL=2.0,PITCH=0.0,YAW=0.0
2026 IN-SPACe-PVC,34.84,133,1003.54,101325.00,25.00,7.40,0,0.000000,0.000000,0.00,8,0.00,0.00,Descent,PHASE=Ballistic descent,ROLL=2.0,PITCH=0.0,YAW=0.0
2026 IN-SPACe-PVC,35.10,134,1002.62,101325.00,25.00,7.40,0,0.000000,0.000000,0.00,8,0.00,0.00,Descent,PHASE=Ballistic descent,ROLL=2.0,PITCH=0.0,YAW=0.0
2026 IN-SPACe-PVC,35.36,135,1001.70,101325.00,25.00,7.40,0,0.000000,0.000000,0.00,8,0.00,0.00,Descent,PHASE=Ballistic descent,ROLL=2.0,PITCH=0.0,YAW=0.0
2026 IN-SPACe-PVC,35.62,136,1000.80,101325.00,25.00,7.40,0,0.000000,0.000000,0.00,8,0.00,0.00,Descent,PHASE=Ballistic descent,ROLL=2.0,PITCH=0.0,YAW=0.0
2026 IN-SPACe-PVC,35.88,137,999.87,101325.00,25.00,7.40,0,0.000000,0.000000,0.00,8,0.00,0.00,Descent,PHASE=Ballistic descent,ROLL=2.0,PITCH=0.0,YAW=0.0
2026 IN-SPACe-PVC,36.14,138,999.02,101325.00,25.00,7.40,0,0.000000,0.000000,0.00,8,0.00,0.00,Descent,PHASE=Ballistic descent,ROLL=2.0,PITCH=0.0,YAW=0.0
2026 IN-SPACe-PVC,36.40,139,998.08,101325.00,25.00,7.40,0,0.000000,0.000000,0.00,8,0.00,0.00,Descent,PHASE=Ballistic descent,ROLL=2.0,PITCH=0.0,YAW=0.0
2026 IN-SPACe-PVC,36.66,140,997.11,101325.00,25.00,7.40,0,0.000000,0.000000,0.00,8,0.00,0.00,Descent,PHASE=Ballistic descent,ROLL=2.0,PITCH=0.0,YAW=0.0
2026 IN-SPACe-PVC,36.92,141,996.25,101325.00,25.00,7.40,0,0.000000,0.000000,0.00,8,0.00,0.00,Descent,PHASE=Ballistic descent,ROLL=2.0,PITCH=0.0,YAW=0.0
2026 IN-SPACe-PVC,37.18,142,995.36,101325.00,25.00,7.40,0,0.000000,0.000000,0.00,8,0.00,0.00,Descent,PHASE=Ballistic descent,ROLL=2.0,PITCH=0.0,YAW=0.0
2026 IN-SPACe-PVC,37.44,143,994.49,101325.00,25.00,7.40,0,0.000000,0.000000,0.00,8,0.00,0.00,Descent,PHASE=Ballistic descent,ROLL=2.0,PITCH=0.0,YAW=0.0
2026 IN-SPACe-PVC,37.70,144,993.53,101325.00,25.00,7.40,0,0.000000,0.000000,0.00,8,0.00,0.00,Descent,PHASE=Ballistic descent,ROLL=2.0,PITCH=0.0,YAW=0.0
2026 IN-SPACe-PVC,37.96,145,992.60,101325.00,25.00,7.40,0,0.000000,0.000000,0.00,8,0.00,0.00,Descent,PHASE=Ballistic descent,ROLL=2.0,PITCH=0.0,YAW=0.0
2026 IN-SPACe-PVC,38.22,146,991.70,101325.00,25.00,7.40,0,0.000000,0.000000,0.00,8,0.00,0.00,Descent,PHASE=Ballistic descent,ROLL=2.0,PITCH=0.0,YAW=0.0
2026 IN-SPACe-PVC,38.48,147,990.67,101325.00,25.00,7.40,0,0.000000,0.000000,0.00,8,0.00,0.00,Descent,PHASE=Ballistic descent,ROLL=2.0,PITCH=0.0,YAW=0.0
2026 IN-SPACe-PVC,38.74,148,989.92,101325.00,25.00,7.40,0,0.000000,0.000000,0.00,8,0.00,0.00,Descent,PHASE=Ballistic descent,ROLL=2.0,PITCH=0.0,YAW=0.0
2026 IN-SPACe-PVC,39.00,149,989.02,101325.00,25.00,7.40,0,0.000000,0.000000,0.00,8,0.00,0.00,Descent,PHASE=Ballistic descent,ROLL=2.0,PITCH=0.0,YAW=0.0
2026 IN-SPACe-PVC,39.26,150,988.08,101325.00,25.00,7.40,0,0.000000,0.000000,0.00,8,0.00,0.00,Descent,PHASE=Ballistic descent,ROLL=2.0,PITCH=0.0,YAW=0.0
2026 IN-SPACe-PVC,39.52,151,987.11,101325.00,25.00,7.40,0,0.000000,0.000000,0.00,8,0.00,0.00,Descent,PHASE=Ballistic descent,ROLL=2.0,PITCH=0.0,YAW=0.0
2026 IN-SPACe-PVC,39.78,152,986.24,101325.00,25.00,7.40,0,0.000000,0.000000,0.00,8,0.00,0.00,Descent,PHASE=Ballistic descent,ROLL=2.0,PITCH=0.0,YAW=0.0
2026 IN-SPACe-PVC,40.04,153,985.41,101325.00,25.00,7.40,0,0.000000,0.000000,0.00,8,0.00,0.00,Descent,PHASE=Ballistic descent,ROLL=2.0,PITCH=0.0,YAW=0.0
2026 IN-SPACe-PVC,40.30,154,984.41,101325.00,25.00,7.40,0,0.000000,0.000000,0.00,8,0.00,0.00,Descent,PHASE=Ballistic descent,ROLL=2.0,PITCH=0.0,YAW=0.0
2026 IN-SPACe-PVC,40.56,155,983.53,101325.00,25.00,7.40,0,0.000000,0.000000,0.00,8,0.00,0.00,Descent,PHASE=Ballistic descent,ROLL=2.0,PITCH=0.0,YAW=0.0
2026 IN-SPACe-PVC,40.82,156,982.56,101325.00,25.00,7.40,0,0.000000,0.000000,0.00,8,0.00,0.00,Descent,PHASE=Ballistic descent,ROLL=2.0,PITCH=0.0,YAW=0.0
2026 IN-SPACe-PVC,41.08,157,981.72,101325.00,25.00,7.40,0,0.000000,0.000000,0.00,8,0.00,0.00,Descent,PHASE=Ballistic descent,ROLL=2.0,PITCH=0.0,YAW=0.0
2026 IN-SPACe-PVC,41.34,158,980.69,101325.00,25.00,7.40,0,0.000000,0.000000,0.00,8,0.00,0.00,Descent,PHASE=Ballistic descent,ROLL=2.0,PITCH=0.0,YAW=0.0
2026 IN-SPACe-PVC,41.60,159,979.95,101325.00,25.00,7.40,0,0.000000,0.000000,0.00,8,0.00,0.00,Descent,PHASE=Ballistic descent,ROLL=2.0,PITCH=0.0,YAW=0.0
2026 IN-SPACe-PVC,41.86,160,978.95,101325.00,25.00,7.40,0,0.000000,0.000000,0.00,8,0.00,0.00,Descent,PHASE=Ballistic descent,ROLL=2.0,PITCH=0.0,YAW=0.0
2026 IN-SPACe-PVC,42.12,161,978.02,101325.00,25.00,7.40,0,0.000000,0.000000,0.00,8,0.00,0.00,Descent,PHASE=Ballistic descent,ROLL=2.0,PITCH=0.0,YAW=0.0
2026 IN-SPACe-PVC,42.38,162,977.13,101325.00,25.00,7.40,0,0.000000,0.000000,0.00,8,0.00,0.00,Descent,PHASE=Ballistic descent,ROLL=2.0,PITCH=0.0,YAW=0.0
2026 IN-SPACe-PVC,42.64,163,976.31,101325.00,25.00,7.40,0,0.000000,0.000000,0.00,8,0.00,0.00,Descent,PHASE=Ballistic descent,ROLL=2.0,PITCH=0.0,YAW=0.0
2026 IN-SPACe-PVC,42.90,164,975.33,101325.00,25.00,7.40,0,0.000000,0.000000,0.00,8,0.00,0.00,Descent,PHASE=Ballistic descent,ROLL=2.0,PITCH=0.0,YAW=0.0
2026 IN-SPACe-PVC,43.16,165,974.48,101325.00,25.00,7.40,0,0.000000,0.000000,0.00,8,0.00,0.00,Descent,PHASE=Ballistic descent,ROLL=2.0,PITCH=0.0,YAW=0.0
2026 IN-SPACe-PVC,43.42,166,973.43,101325.00,25.00,7.40,0,0.000000,0.000000,0.00,8,0.00,0.00,Descent,PHASE=Ballistic descent,ROLL=2.0,PITCH=0.0,YAW=0.0
2026 IN-SPACe-PVC,43.68,167,972.69,101325.00,25.00,7.40,0,0.000000,0.000000,0.00,8,0.00,0.00,Descent,PHASE=Ballistic descent,ROLL=2.0,PITCH=0.0,YAW=0.0
2026 IN-SPACe-PVC,43.94,168,971.66,101325.00,25.00,7.40,0,0.000000,0.000000,0.00,8,0.00,0.00,Descent,PHASE=Ballistic descent,ROLL=2.0,PITCH=0.0,YAW=0.0
2026 IN-SPACe-PVC,44.20,169,970.83,101325.00,25.00,7.40,0,0.000000,0.000000,0.00,8,0.00,0.00,Descent,PHASE=Ballistic descent,ROLL=2.0,PITCH=0.0,YAW=0.0
2026 IN-SPACe-PVC,44.46,170,969.89,101325.00,25.00,7.40,0,0.000000,0.000000,0.00,8,0.00,0.00,Descent,PHASE=Ballistic descent,ROLL=2.0,PITCH=0.0,YAW=0.0
2026 IN-SPACe-PVC,44.72,171,968.91,101325.00,25.00,7.40,0,0.000000,0.000000,0.00,8,0.00,0.00,Descent,PHASE=Ballistic descent,ROLL=2.0,PITCH=0.0,YAW=0.0
2026 IN-SPACe-PVC,44.98,172,968.01,101325.00,25.00,7.40,0,0.000000,0.000000,0.00,8,0.00,0.00,Descent,PHASE=Ballistic descent,ROLL=2.0,PITCH=0.0,YAW=0.0
2026 IN-SPACe-PVC,45.24,173,967.18,101325.00,25.00,7.40,0,0.000000,0.000000,0.00,8,0.00,0.00,Descent,PHASE=Ballistic descent,ROLL=2.0,PITCH=0.0,YAW=0.0
2026 IN-SPACe-PVC,45.50,174,966.24,101325.00,25.00,7.40,0,0.000000,0.000000,0.00,8,0.00,0.00,Descent,PHASE=Ballistic descent,ROLL=2.0,PITCH=0.0,YAW=0.0
2026 IN-SPACe-PVC,45.76,175,965.27,101325.00,25.00,7.40,0,0.000000,0.000000,0.00,8,0.00,0.00,Descent,PHASE=Ballistic descent,ROLL=2.0,PITCH=0.0,YAW=0.0
2026 IN-SPACe-PVC,46.02,176,964.36,101325.00,25.00,7.40,0,0.000000,0.000000,0.00,8,0.00,0.00,Descent,PHASE=Ballistic descent,ROLL=2.0,PITCH=0.0,YAW=0.0
2026 IN-SPACe-PVC,46.28,177,963.59,101325.00,25.00,7.40,0,0.000000,0.000000,0.00,8,0.00,0.00,Descent,PHASE=Ballistic descent,ROLL=2.0,PITCH=0.0,YAW=0.0
2026 IN-SPACe-PVC,46.54,178,962.57,101325.00,25.00,7.40,0,0.000000,0.000000,0.00,8,0.00,0.00,Descent,PHASE=Ballistic descent,ROLL=2.0,PITCH=0.0,YAW=0.0
2026 IN-SPACe-PVC,46.80,179,961.61,101325.00,25.00,7.40,0,0.000000,0.000000,0.00,8,0.00,0.00,Descent,PHASE=Ballistic descent,ROLL=2.0,PITCH=0.0,YAW=0.0
2026 IN-SPACe-PVC,47.06,180,960.71,101325.00,25.00,7.40,0,0.000000,0.000000,0.00,8,0.00,0.00,Descent,PHASE=Ballistic descent,ROLL=2.0,PITCH=0.0,YAW=0.0
2026 IN-SPACe-PVC,47.32,181,959.76,101325.00,25.00,7.40,0,0.000000,0.000000,0.00,8,0.00,0.00,Descent,PHASE=Ballistic descent,ROLL=2.0,PITCH=0.0,YAW=0.0
2026 IN-SPACe-PVC,47.58,182,958.97,101325.00,25.00,7.40,0,0.000000,0.000000,0.00,8,0.00,0.00,Descent,PHASE=Ballistic descent,ROLL=2.0,PITCH=0.0,YAW=0.0
2026 IN-SPACe-PVC,47.84,183,958.01,101325.00,25.00,7.40,0,0.000000,0.000000,0.00,8,0.00,0.00,Descent,PHASE=Ballistic descent,ROLL=2.0,PITCH=0.0,YAW=0.0
2026 IN-SPACe-PVC,48.10,184,957.10,101325.00,25.00,7.40,0,0.000000,0.000000,0.00,8,0.00,0.00,Descent,PHASE=Ballistic descent,ROLL=2.0,PITCH=0.0,YAW=0.0
2026 IN-SPACe-PVC,48.36,185,956.28,101325.00,25.00,7.40,0,0.000000,0.000000,0.00,8,0.00,0.00,Descent,PHASE=Ballistic descent,ROLL=2.0,PITCH=0.0,YAW=0.0
2026 IN-SPACe-PVC,48.62,186,955.20,101325.00,25.00,7.40,0,0.000000,0.000000,0.00,8,0.00,0.00,Descent,PHASE=Ballistic descent,ROLL=2.0,PITCH=0.0,YAW=0.0
2026 IN-SPACe-PVC,48.88,187,954.28,101325.00,25.00,7.40,0,0.000000,0.000000,0.00,8,0.00,0.00,Descent,PHASE=Ballistic descent,ROLL=2.0,PITCH=0.0,YAW=0.0
2026 IN-SPACe-PVC,49.14,188,953.38,101325.00,25.00,7.40,0,0.000000,0.000000,0.00,8,0.00,0.00,Descent,PHASE=Ballistic descent,ROLL=2.0,PITCH=0.0,YAW=0.0
2026 IN-SPACe-PVC,49.40,189,952.57,101325.00,25.00,7.40,0,0.000000,0.000000,0.00,8,0.00,0.00,Descent,PHASE=Ballistic descent,ROLL=2.0,PITCH=0.0,YAW=0.0
2026 IN-SPACe-PVC,49.66,190,951.64,101325.00,25.00,7.40,0,0.000000,0.000000,0.00,8,0.00,0.00,Descent,PHASE=Ballistic descent,ROLL=2.0,PITCH=0.0,YAW=0.0
2026 IN-SPACe-PVC,49.92,191,950.79,101325.00,25.00,7.40,0,0.000000,0.000000,0.00,8,0.00,0.00,Descent,PHASE=Ballistic descent,ROLL=2.0,PITCH=0.0,YAW=0.0
2026 IN-SPACe-PVC,50.18,192,949.83,101325.00,25.00,7.40,0,0.000000,0.000000,0.00,8,0.00,0.00,Descent,PHASE=Ballistic descent,ROLL=2.0,PITCH=0.0,YAW=0.0
2026 IN-SPACe-PVC,50.44,193,948.87,101325.00,25.00,7.40,0,0.000000,0.000000,0.00,8,0.00,0.00,Descent,PHASE=Ballistic descent,ROLL=2.0,PITCH=0.0,YAW=0.0
2026 IN-SPACe-PVC,50.70,194,948.09,101325.00,25.00,7.40,0,0.000000,0.000000,0.00,8,0.00,0.00,Descent,PHASE=Ballistic descent,ROLL=2.0,PITCH=0.0,YAW=0.0
2026 IN-SPACe-PVC,50.96,195,947.10,101325.00,25.00,7.40,0,0.000000,0.000000,0.00,8,0.00,0.00,Descent,PHASE=Ballistic descent,ROLL=2.0,PITCH=0.0,YAW=0.0
2026 IN-SPACe-PVC,51.22,196,946.16,101325.00,25.00,7.40,0,0.000000,0.000000,0.00,8,0.00,0.00,Descent,PHASE=Ballistic descent,ROLL=2.0,PITCH=0.0,YAW=0.0
2026 IN-SPACe-PVC,51.48,197,945.27,101325.00,25.00,7.40,0,0.000000,0.000000,0.00,8,0.00,0.00,Descent,PHASE=Ballistic descent,ROLL=2.0,PITCH=0.0,YAW=0.0
2026 IN-SPACe-PVC,51.74,198,944.43,101325.00,25.00,7.40,0,0.000000,0.000000,0.00,8,0.00,0.00,Descent,PHASE=Ballistic descent,ROLL=2.0,PITCH=0.0,YAW=0.0
2026 IN-SPACe-PVC,52.00,199,943.52,101325.00,25.00,7.40,0,0.000000,0.000000,0.00,8,0.00,0.00,Descent,PHASE=Ballistic descent,ROLL=2.0,PITCH=0.0,YAW=0.0
2026 IN-SPACe-PVC,52.26,200,942.55,101325.00,25.00,7.40,0,0.000000,0.000000,0.00,8,0.00,0.00,Descent,PHASE=Ballistic descent,ROLL=2.0,PITCH=0.0,YAW=0.0
2026 IN-SPACe-PVC,52.52,201,941.60,101325.00,25.00,7.40,0,0.000000,0.000000,0.00,8,0.00,0.00,Descent,PHASE=Ballistic descent,ROLL=2.0,PITCH=0.0,YAW=0.0
2026 IN-SPACe-PVC,52.78,202,940.80,101325.00,25.00,7.40,0,0.000000,0.000000,0.00,8,0.00,0.00,Descent,PHASE=Ballistic descent,ROLL=2.0,PITCH=0.0,YAW=0.0
2026 IN-SPACe-PVC,53.04,203,939.78,101325.00,25.00,7.40,0,0.000000,0.000000,0.00,8,0.00,0.00,Descent,PHASE=Ballistic descent,ROLL=2.0,PITCH=0.0,YAW=0.0
2026 IN-SPACe-PVC,53.30,204,938.86,101325.00,25.00,7.40,0,0.000000,0.000000,0.00,8,0.00,0.00,Descent,PHASE=Ballistic descent,ROLL=2.0,PITCH=0.0,YAW=0.0
2026 IN-SPACe-PVC,53.56,205,937.99,101325.00,25.00,7.40,0,0.000000,0.000000,0.00,8,0.00,0.00,Descent,PHASE=Ballistic descent,ROLL=2.0,PITCH=0.0,YAW=0.0
2026 IN-SPACe-PVC,53.82,206,937.09,101325.00,25.00,7.40,0,0.000000,0.000000,0.00,8,0.00,0.00,Descent,PHASE=Ballistic descent,ROLL=2.0,PITCH=0.0,YAW=0.0
2026 IN-SPACe-PVC,54.08,207,936.13,101325.00,25.00,7.40,0,0.000000,0.000000,0.00,8,0.00,0.00,Descent,PHASE=Ballistic descent,ROLL=2.0,PITCH=0.0,YAW=0.0
2026 IN-SPACe-PVC,54.34,208,935.27,101325.00,25.00,7.40,0,0.000000,0.000000,0.00,8,0.00,0.00,Descent,PHASE=Ballistic descent,ROLL=2.0,PITCH=0.0,YAW=0.0
2026 IN-SPACe-PVC,54.60,209,934.30,101325.00,25.00,7.40,0,0.000000,0.000000,0.00,8,0.00,0.00,Descent,PHASE=Ballistic descent,ROLL=2.0,PITCH=0.0,YAW=0.0
2026 IN-SPACe-PVC,54.86,210,933.46,101325.00,25.00,7.40,0,0.000000,0.000000,0.00,8,0.00,0.00,Descent,PHASE=Ballistic descent,ROLL=2.0,PITCH=0.0,YAW=0.0
2026 IN-SPACe-PVC,55.12,211,932.57,101325.00,25.00,7.40,0,0.000000,0.000000,0.00,8,0.00,0.00,Descent,PHASE=Ballistic descent,ROLL=2.0,PITCH=0.0,YAW=0.0
2026 IN-SPACe-PVC,55.38,212,931.62,101325.00,25.00,7.40,0,0.000000,0.000000,0.00,8,0.00,0.00,Descent,PHASE=Ballistic descent,ROLL=2.0,PITCH=0.0,YAW=0.0
2026 IN-SPACe-PVC,55.64,213,930.76,101325.00,25.00,7.40,0,0.000000,0.000000,0.00,8,0.00,0.00,Descent,PHASE=Ballistic descent,ROLL=2.0,PITCH=0.0,YAW=0.0
2026 IN-SPACe-PVC,55.90,214,929.81,101325.00,25.00,7.40,0,0.000000,0.000000,0.00,8,0.00,0.00,Descent,PHASE=Ballistic descent,ROLL=2.0,PITCH=0.0,YAW=0.0
2026 IN-SPACe-PVC,56.16,215,928.93,101325.00,25.00,7.40,0,0.000000,0.000000,0.00,8,0.00,0.00,Descent,PHASE=Ballistic descent,ROLL=2.0,PITCH=0.0,YAW=0.0
2026 IN-SPACe-PVC,56.42,216,928.06,101325.00,25.00,7.40,0,0.000000,0.000000,0.00,8,0.00,0.00,Descent,PHASE=Ballistic descent,ROLL=2.0,PITCH=0.0,YAW=0.0
2026 IN-SPACe-PVC,56.68,217,927.17,101325.00,25.00,7.40,0,0.000000,0.000000,0.00,8,0.00,0.00,Descent,PHASE=Ballistic descent,ROLL=2.0,PITCH=0.0,YAW=0.0
2026 IN-SPACe-PVC,56.94,218,926.11,101325.00,25.00,7.40,0,0.000000,0.000000,0.00,8,0.00,0.00,Descent,PHASE=Ballistic descent,ROLL=2.0,PITCH=0.0,YAW=0.0
2026 IN-SPACe-PVC,57.20,219,925.27,101325.00,25.00,7.40,0,0.000000,0.000000,0.00,8,0.00,0.00,Descent,PHASE=Ballistic descent,ROLL=2.0,PITCH=0.0,YAW=0.0
2026 IN-SPACe-PVC,57.46,220,924.35,101325.00,25.00,7.40,0,0.000000,0.000000,0.00,8,0.00,0.00,Descent,PHASE=Ballistic descent,ROLL=2.0,PITCH=0.0,YAW=0.0
2026 IN-SPACe-PVC,57.72,221,923.43,101325.00,25.00,7.40,0,0.000000,0.000000,0.00,8,0.00,0.00,Descent,PHASE=Ballistic descent,ROLL=2.0,PITCH=0.0,YAW=0.0
2026 IN-SPACe-PVC,57.98,222,922.53,101325.00,25.00,7.40,0,0.000000,0.000000,0.00,8,0.00,0.00,Descent,PHASE=Ballistic descent,ROLL=2.0,PITCH=0.0,YAW=0.0
2026 IN-SPACe-PVC,58.24,223,921.68,101325.00,25.00,7.40,0,0.000000,0.000000,0.00,8,0.00,0.00,Descent,PHASE=Ballistic descent,ROLL=2.0,PITCH=0.0,YAW=0.0
2026 IN-SPACe-PVC,58.50,224,920.74,101325.00,25.00,7.40,0,0.000000,0.000000,0.00,8,0.00,0.00,Descent,PHASE=Ballistic descent,ROLL=2.0,PITCH=0.0,YAW=0.0
2026 IN-SPACe-PVC,58.76,225,919.85,101325.00,25.00,7.40,0,0.000000,0.000000,0.00,8,0.00,0.00,Descent,PHASE=Ballistic descent,ROLL=2.0,PITCH=0.0,YAW=0.0
2026 IN-SPACe-PVC,59.02,226,918.83,101325.00,25.00,7.40,0,0.000000,0.000000,0.00,8,0.00,0.00,Descent,PHASE=Ballistic descent,ROLL=2.0,PITCH=0.0,YAW=0.0
2026 IN-SPACe-PVC,59.28,227,917.94,101325.00,25.00,7.40,0,0.000000,0.000000,0.00,8,0.00,0.00,Descent,PHASE=Ballistic descent,ROLL=2.0,PITCH=0.0,YAW=0.0
2026 IN-SPACe-PVC,59.54,228,917.05,101325.00,25.00,7.40,0,0.000000,0.000000,0.00,8,0.00,0.00,Descent,PHASE=Ballistic descent,ROLL=2.0,PITCH=0.0,YAW=0.0
2026 IN-SPACe-PVC,59.80,229,916.11,101325.00,25.00,7.40,0,0.000000,0.000000,0.00,8,0.00,0.00,Descent,PHASE=Ballistic descent,ROLL=2.0,PITCH=0.0,YAW=0.0
2026 IN-SPACe-PVC,60.06,230,915.28,101325.00,25.00,7.40,0,0.000000,0.000000,0.00,8,0.00,0.00,Descent,PHASE=Ballistic descent,ROLL=2.0,PITCH=0.0,YAW=0.0
2026 IN-SPACe-PVC,60.32,231,914.29,101325.00,25.00,7.40,0,0.000000,0.000000,0.00,8,0.00,0.00,Descent,PHASE=Ballistic descent,ROLL=2.0,PITCH=0.0,YAW=0.0
2026 IN-SPACe-PVC,60.58,232,913.51,101325.00,25.00,7.40,0,0.000000,0.000000,0.00,8,0.00,0.00,Descent,PHASE=Ballistic descent,ROLL=2.0,PITCH=0.0,YAW=0.0
2026 IN-SPACe-PVC,60.84,233,912.53,101325.00,25.00,7.40,0,0.000000,0.000000,0.00,8,0.00,0.00,Descent,PHASE=Ballistic descent,ROLL=2.0,PITCH=0.0,YAW=0.0
2026 IN-SPACe-PVC,61.10,234,911.69,101325.00,25.00,7.40,0,0.000000,0.000000,0.00,8,0.00,0.00,Descent,PHASE=Ballistic descent,ROLL=2.0,PITCH=0.0,YAW=0.0
2026 IN-SPACe-PVC,61.36,235,910.77,101325.00,25.00,7.40,0,0.000000,0.000000,0.00,8,0.00,0.00,Descent,PHASE=Ballistic descent,ROLL=2.0,PITCH=0.0,YAW=0.0
2026 IN-SPACe-PVC,61.62,236,909.72,101325.00,25.00,7.40,0,0.000000,0.000000,0.00,8,0.00,0.00,Descent,PHASE=Ballistic descent,ROLL=2.0,PITCH=0.0,YAW=0.0
2026 IN-SPACe-PVC,61.88,237,908.82,101325.00,25.00,7.40,0,0.000000,0.000000,0.00,8,0.00,0.00,Descent,PHASE=Ballistic descent,ROLL=2.0,PITCH=0.0,YAW=0.0
2026 IN-SPACe-PVC,62.14,238,907.95,101325.00,25.00,7.40,0,0.000000,0.000000,0.00,8,0.00,0.00,Descent,PHASE=Ballistic descent,ROLL=2.0,PITCH=0.0,YAW=0.0
2026 IN-SPACe-PVC,62.40,239,907.00,101325.00,25.00,7.40,0,0.000000,0.000000,0.00,8,0.00,0.00,Descent,PHASE=Ballistic descent,ROLL=2.0,PITCH=0.0,YAW=0.0
2026 IN-SPACe-PVC,62.66,240,906.22,101325.00,25.00,7.40,0,0.000000,0.000000,0.00,8,0.00,0.00,Descent,PHASE=Ballistic descent,ROLL=2.0,PITCH=0.0,YAW=0.0
2026 IN-SPACe-PVC,62.92,241,905.25,101325.00,25.00,7.40,0,0.000000,0.000000,0.00,8,0.00,0.00,Descent,PHASE=Ballistic descent,ROLL=2.0,PITCH=0.0,YAW=0.0
2026 IN-SPACe-PVC,63.18,242,904.25,101325.00,25.00,7.40,0,0.000000,0.000000,0.00,8,0.00,0.00,Descent,PHASE=Ballistic descent,ROLL=2.0,PITCH=0.0,YAW=0.0
2026 IN-SPACe-PVC,63.44,243,903.47,101325.00,25.00,7.40,0,0.000000,0.000000,0.00,8,0.00,0.00,Descent,PHASE=Ballistic descent,ROLL=2.0,PITCH=0.0,YAW=0.0
2026 IN-SPACe-PVC,63.70,244,902.45,101325.00,25.00,7.40,0,0.000000,0.000000,0.00,8,0.00,0.00,Descent,PHASE=Ballistic descent,ROLL=2.0,PITCH=0.0,YAW=0.0
2026 IN-SPACe-PVC,63.96,245,901.63,101325.00,25.00,7.40,0,0.000000,0.000000,0.00,8,0.00,0.00,Descent,PHASE=Ballistic descent,ROLL=2.0,PITCH=0.0,YAW=0.0
2026 IN-SPACe-PVC,64.22,246,900.67,101325.00,25.00,7.40,0,0.000000,0.000000,0.00,8,0.00,0.00,Descent,PHASE=Ballistic descent,ROLL=2.0,PITCH=0.0,YAW=0.0
2026 IN-SPACe-PVC,64.48,247,899.83,101325.00,25.00,7.40,0,0.000000,0.000000,0.00,8,0.00,0.00,Descent,PHASE=Ballistic descent,ROLL=2.0,PITCH=0.0,YAW=0.0
2026 IN-SPACe-PVC,64.74,248,898.86,101325.00,25.00,7.40,0,0.000000,0.000000,0.00,8,0.00,0.00,Descent,PHASE=Ballistic descent,ROLL=2.0,PITCH=0.0,YAW=0.0
2026 IN-SPACe-PVC,65.00,249,897.97,101325.00,25.00,7.40,0,0.000000,0.000000,0.00,8,0.00,0.00,Descent,PHASE=Ballistic descent,ROLL=2.0,PITCH=0.0,YAW=0.0
2026 IN-SPACe-PVC,65.26,250,897.07,101325.00,25.00,7.40,0,0.000000,0.000000,0.00,8,0.00,0.00,Descent,PHASE=Ballistic descent,ROLL=2.0,PITCH=0.0,YAW=0.0
2026 IN-SPACe-PVC,65.52,251,896.05,101325.00,25.00,7.40,0,0.000000,0.000000,0.00,8,0.00,0.00,Descent,PHASE=Ballistic descent,ROLL=2.0,PITCH=0.0,YAW=0.0
2026 IN-SPACe-PVC,65.78,252,895.15,101325.00,25.00,7.40,0,0.000000,0.000000,0.00,8,0.00,0.00,Descent,PHASE=Ballistic descent,ROLL=2.0,PITCH=0.0,YAW=0.0
2026 IN-SPACe-PVC,66.04,253,894.27,101325.00,25.00,7.40,0,0.000000,0.000000,0.00,8,0.00,0.00,Descent,PHASE=Ballistic descent,ROLL=2.0,PITCH=0.0,YAW=0.0
2026 IN-SPACe-PVC,66.30,254,893.43,101325.00,25.00,7.40,0,0.000000,0.000000,0.00,8,0.00,0.00,Descent,PHASE=Ballistic descent,ROLL=2.0,PITCH=0.0,YAW=0.0
2026 IN-SPACe-PVC,66.56,255,892.47,101325.00,25.00,7.40,0,0.000000,0.000000,0.00,8,0.00,0.00,Descent,PHASE=Ballistic descent,ROLL=2.0,PITCH=0.0,YAW=0.0
2026 IN-SPACe-PVC,66.82,256,891.65,101325.00,25.00,7.40,0,0.000000,0.000000,0.00,8,0.00,0.00,Descent,PHASE=Ballistic descent,ROLL=2.0,PITCH=0.0,YAW=0.0
2026 IN-SPACe-PVC,67.08,257,890.62,101325.00,25.00,7.40,0,0.000000,0.000000,0.00,8,0.00,0.00,Descent,PHASE=Ballistic descent,ROLL=2.0,PITCH=0.0,YAW=0.0
2026 IN-SPACe-PVC,67.34,258,889.78,101325.00,25.00,7.40,0,0.000000,0.000000,0.00,8,0.00,0.00,Descent,PHASE=Ballistic descent,ROLL=2.0,PITCH=0.0,YAW=0.0
2026 IN-SPACe-PVC,67.60,259,888.83,101325.00,25.00,7.40,0,0.000000,0.000000,0.00,8,0.00,0.00,Descent,PHASE=Ballistic descent,ROLL=2.0,PITCH=0.0,YAW=0.0
2026 IN-SPACe-PVC,67.86,260,887.98,101325.00,25.00,7.40,0,0.000000,0.000000,0.00,8,0.00,0.00,Descent,PHASE=Ballistic descent,ROLL=2.0,PITCH=0.0,YAW=0.0
2026 IN-SPACe-PVC,68.12,261,887.04,101325.00,25.00,7.40,0,0.000000,0.000000,0.00,8,0.00,0.00,Descent,PHASE=Ballistic descent,ROLL=2.0,PITCH=0.0,YAW=0.0
2026 IN-SPACe-PVC,68.38,262,886.19,101325.00,25.00,7.40,0,0.000000,0.000000,0.00,8,0.00,0.00,Descent,PHASE=Ballistic descent,ROLL=2.0,PITCH=0.0,YAW=0.0
2026 IN-SPACe-PVC,68.64,263,885.27,101325.00,25.00,7.40,0,0.000000,0.000000,0.00,8,0.00,0.00,Descent,PHASE=Ballistic descent,ROLL=2.0,PITCH=0.0,YAW=0.0
2026 IN-SPACe-PVC,68.90,264,884.30,101325.00,25.00,7.40,0,0.000000,0.000000,0.00,8,0.00,0.00,Descent,PHASE=Ballistic descent,ROLL=2.0,PITCH=0.0,YAW=0.0
2026 IN-SPACe-PVC,69.16,265,883.39,101325.00,25.00,7.40,0,0.000000,0.000000,0.00,8,0.00,0.00,Descent,PHASE=Ballistic descent,ROLL=2.0,PITCH=0.0,YAW=0.0
2026 IN-SPACe-PVC,69.42,266,882.49,101325.00,25.00,7.40,0,0.000000,0.000000,0.00,8,0.00,0.00,Descent,PHASE=Ballistic descent,ROLL=2.0,PITCH=0.0,YAW=0.0
2026 IN-SPACe-PVC,69.68,267,881.53,101325.00,25.00,7.40,0,0.000000,0.000000,0.00,8,0.00,0.00,Descent,PHASE=Ballistic descent,ROLL=2.0,PITCH=0.0,YAW=0.0
2026 IN-SPACe-PVC,69.94,268,880.63,101325.00,25.00,7.40,0,0.000000,0.000000,0.00,8,0.00,0.00,Descent,PHASE=Ballistic descent,ROLL=2.0,PITCH=0.0,YAW=0.0
2026 IN-SPACe-PVC,70.20,269,879.69,101325.00,25.00,7.40,0,0.000000,0.000000,0.00,8,0.00,0.00,Descent,PHASE=Ballistic descent,ROLL=2.0,PITCH=0.0,YAW=0.0
2026 IN-SPACe-PVC,70.46,270,878.88,101325.00,25.00,7.40,0,0.000000,0.000000,0.00,8,0.00,0.00,Descent,PHASE=Ballistic descent,ROLL=2.0,PITCH=0.0,YAW=0.0
2026 IN-SPACe-PVC,70.72,271,877.86,101325.00,25.00,7.40,0,0.000000,0.000000,0.00,8,0.00,0.00,Descent,PHASE=Ballistic descent,ROLL=2.0,PITCH=0.0,YAW=0.0
2026 IN-SPACe-PVC,70.98,272,876.95,101325.00,25.00,7.40,0,0.000000,0.000000,0.00,8,0.00,0.00,Descent,PHASE=Ballistic descent,ROLL=2.0,PITCH=0.0,YAW=0.0
2026 IN-SPACe-PVC,71.24,273,876.18,101325.00,25.00,7.40,0,0.000000,0.000000,0.00,8,0.00,0.00,Descent,PHASE=Ballistic descent,ROLL=2.0,PITCH=0.0,YAW=0.0
2026 IN-SPACe-PVC,71.50,274,875.18,101325.00,25.00,7.40,0,0.000000,0.000000,0.00,8,0.00,0.00,Descent,PHASE=Ballistic descent,ROLL=2.0,PITCH=0.0,YAW=0.0
2026 IN-SPACe-PVC,71.76,275,874.39,101325.00,25.00,7.40,0,0.000000,0.000000,0.00,8,0.00,0.00,Descent,PHASE=Ballistic descent,ROLL=2.0,PITCH=0.0,YAW=0.0
2026 IN-SPACe-PVC,72.02,276,873.30,101325.00,25.00,7.40,0,0.000000,0.000000,0.00,8,0.00,0.00,Descent,PHASE=Ballistic descent,ROLL=2.0,PITCH=0.0,YAW=0.0
2026 IN-SPACe-PVC,72.28,277,872.50,101325.00,25.00,7.40,0,0.000000,0.000000,0.00,8,0.00,0.00,Descent,PHASE=Ballistic descent,ROLL=2.0,PITCH=0.0,YAW=0.0
2026 IN-SPACe-PVC,72.54,278,871.55,101325.00,25.00,7.40,0,0.000000,0.000000,0.00,8,0.00,0.00,Descent,PHASE=Ballistic descent,ROLL=2.0,PITCH=0.0,YAW=0.0
2026 IN-SPACe-PVC,72.80,279,870.69,101325.00,25.00,7.40,0,0.000000,0.000000,0.00,8,0.00,0.00,Descent,PHASE=Ballistic descent,ROLL=2.0,PITCH=0.0,YAW=0.0
2026 IN-SPACe-PVC,73.06,280,869.74,101325.00,25.00,7.40,0,0.000000,0.000000,0.00,8,0.00,0.00,Descent,PHASE=Ballistic descent,ROLL=2.0,PITCH=0.0,YAW=0.0
2026 IN-SPACe-PVC,73.32,281,868.76,101325.00,25.00,7.40,0,0.000000,0.000000,0.00,8,0.00,0.00,Descent,PHASE=Ballistic descent,ROLL=2.0,PITCH=0.0,YAW=0.0
2026 IN-SPACe-PVC,73.58,282,867.94,101325.00,25.00,7.40,0,0.000000,0.000000,0.00,8,0.00,0.00,Descent,PHASE=Ballistic descent,ROLL=2.0,PITCH=0.0,YAW=0.0
2026 IN-SPACe-PVC,73.84,283,867.06,101325.00,25.00,7.40,0,0.000000,0.000000,0.00,8,0.00,0.00,Descent,PHASE=Ballistic descent,ROLL=2.0,PITCH=0.0,YAW=0.0
2026 IN-SPACe-PVC,74.10,284,866.05,101325.00,25.00,7.40,0,0.000000,0.000000,0.00,8,0.00,0.00,Descent,PHASE=Ballistic descent,ROLL=2.0,PITCH=0.0,YAW=0.0
2026 IN-SPACe-PVC,74.36,285,865.17,101325.00,25.00,7.40,0,0.000000,0.000000,0.00,8,0.00,0.00,Descent,PHASE=Ballistic descent,ROLL=2.0,PITCH=0.0,YAW=0.0
2026 IN-SPACe-PVC,74.62,286,864.30,101325.00,25.00,7.40,0,0.000000,0.000000,0.00,8,0.00,0.00,Descent,PHASE=Ballistic descent,ROLL=2.0,PITCH=0.0,YAW=0.0
2026 IN-SPACe-PVC,74.88,287,863.43,101325.00,25.00,7.40,0,0.000000,0.000000,0.00,8,0.00,0.00,Descent,PHASE=Ballistic descent,ROLL=2.0,PITCH=0.0,YAW=0.0
2026 IN-SPACe-PVC,75.14,288,862.50,101325.00,25.00,7.40,0,0.000000,0.000000,0.00,8,0.00,0.00,Descent,PHASE=Ballistic descent,ROLL=2.0,PITCH=0.0,YAW=0.0
2026 IN-SPACe-PVC,75.40,289,861.47,101325.00,25.00,7.40,0,0.000000,0.000000,0.00,8,0.00,0.00,Descent,PHASE=Ballistic descent,ROLL=2.0,PITCH=0.0,YAW=0.0
2026 IN-SPACe-PVC,75.66,290,860.65,101325.00,25.00,7.40,0,0.000000,0.000000,0.00,8,0.00,0.00,Descent,PHASE=Ballistic descent,ROLL=2.0,PITCH=0.0,YAW=0.0
2026 IN-SPACe-PVC,75.92,291,859.72,101325.00,25.00,7.40,0,0.000000,0.000000,0.00,8,0.00,0.00,Descent,PHASE=Ballistic descent,ROLL=2.0,PITCH=0.0,YAW=0.0
2026 IN-SPACe-PVC,76.18,292,858.85,101325.00,25.00,7.40,0,0.000000,0.000000,0.00,8,0.00,0.00,Descent,PHASE=Ballistic descent,ROLL=2.0,PITCH=0.0,YAW=0.0
2026 IN-SPACe-PVC,76.44,293,857.94,101325.00,25.00,7.40,0,0.000000,0.000000,0.00,8,0.00,0.00,Descent,PHASE=Ballistic descent,ROLL=2.0,PITCH=0.0,YAW=0.0
2026 IN-SPACe-PVC,76.70,294,857.04,101325.00,25.00,7.40,0,0.000000,0.000000,0.00,8,0.00,0.00,Descent,PHASE=Ballistic descent,ROLL=2.0,PITCH=0.0,YAW=0.0
2026 IN-SPACe-PVC,76.96,295,856.04,101325.00,25.00,7.40,0,0.000000,0.000000,0.00,8,0.00,0.00,Descent,PHASE=Ballistic descent,ROLL=2.0,PITCH=0.0,YAW=0.0
2026 IN-SPACe-PVC,77.22,296,855.12,101325.00,25.00,7.40,0,0.000000,0.000000,0.00,8,0.00,0.00,Descent,PHASE=Ballistic descent,ROLL=2.0,PITCH=0.0,YAW=0.0
2026 IN-SPACe-PVC,77.48,297,854.31,101325.00,25.00,7.40,0,0.000000,0.000000,0.00,8,0.00,0.00,Descent,PHASE=Ballistic descent,ROLL=2.0,PITCH=0.0,YAW=0.0
2026 IN-SPACe-PVC,77.74,298,853.28,101325.00,25.00,7.40,0,0.000000,0.000000,0.00,8,0.00,0.00,Descent,PHASE=Ballistic descent,ROLL=2.0,PITCH=0.0,YAW=0.0
2026 IN-SPACe-PVC,78.00,299,852.38,101325.00,25.00,7.40,0,0.000000,0.000000,0.00,8,0.00,0.00,Descent,PHASE=Ballistic descent,ROLL=2.0,PITCH=0.0,YAW=0.0
2026 IN-SPACe-PVC,78.26,300,851.56,101325.00,25.00,7.40,0,0.000000,0.000000,0.00,8,0.00,0.00,Descent,PHASE=Ballistic descent,ROLL=2.0,PITCH=0.0,YAW=0.0
2026 IN-SPACe-PVC,78.52,301,850.61,101325.00,25.00,7.40,0,0.000000,0.000000,0.00,8,0.00,0.00,Descent,PHASE=Ballistic descent,ROLL=2.0,PITCH=0.0,YAW=0.0
2026 IN-SPACe-PVC,78.78,302,849.70,101325.00,25.00,7.40,0,0.000000,0.000000,0.00,8,0.00,0.00,Descent,PHASE=Ballistic descent,ROLL=2.0,PITCH=0.0,YAW=0.0
2026 IN-SPACe-PVC,79.04,303,848.78,101325.00,25.00,7.40,0,0.000000,0.000000,0.00,8,0.00,0.00,Descent,PHASE=Ballistic descent,ROLL=2.0,PITCH=0.0,YAW=0.0
2026 IN-SPACe-PVC,79.30,304,847.87,101325.00,25.00,7.40,0,0.000000,0.000000,0.00,8,0.00,0.00,Descent,PHASE=Ballistic descent,ROLL=2.0,PITCH=0.0,YAW=0.0
2026 IN-SPACe-PVC,79.56,305,847.02,101325.00,25.00,7.40,0,0.000000,0.000000,0.00,8,0.00,0.00,Descent,PHASE=Ballistic descent,ROLL=2.0,PITCH=0.0,YAW=0.0
2026 IN-SPACe-PVC,79.82,306,846.16,101325.00,25.00,7.40,0,0.000000,0.000000,0.00,8,0.00,0.00,Descent,PHASE=Ballistic descent,ROLL=2.0,PITCH=0.0,YAW=0.0
2026 IN-SPACe-PVC,80.08,307,845.12,101325.00,25.00,7.40,0,0.000000,0.000000,0.00,8,0.00,0.00,Descent,PHASE=Ballistic descent,ROLL=2.0,PITCH=0.0,YAW=0.0
2026 IN-SPACe-PVC,80.34,308,844.32,101325.00,25.00,7.40,0,0.000000,0.000000,0.00,8,0.00,0.00,Descent,PHASE=Ballistic descent,ROLL=2.0,PITCH=0.0,YAW=0.0
2026 IN-SPACe-PVC,80.60,309,843.40,101325.00,25.00,7.40,0,0.000000,0.000000,0.00,8,0.00,0.00,Descent,PHASE=Ballistic descent,ROLL=2.0,PITCH=0.0,YAW=0.0
2026 IN-SPACe-PVC,80.86,310,842.41,101325.00,25.00,7.40,0,0.000000,0.000000,0.00,8,0.00,0.00,Descent,PHASE=Ballistic descent,ROLL=2.0,PITCH=0.0,YAW=0.0
2026 IN-SPACe-PVC,81.12,311,841.55,101325.00,25.00,7.40,0,0.000000,0.000000,0.00,8,0.00,0.00,Descent,PHASE=Ballistic descent,ROLL=2.0,PITCH=0.0,YAW=0.0
2026 IN-SPACe-PVC,81.38,312,840.59,101325.00,25.00,7.40,0,0.000000,0.000000,0.00,8,0.00,0.00,Descent,PHASE=Ballistic descent,ROLL=2.0,PITCH=0.0,YAW=0.0
2026 IN-SPACe-PVC,81.64,313,839.75,101325.00,25.00,7.40,0,0.000000,0.000000,0.00,8,0.00,0.00,Descent,PHASE=Ballistic descent,ROLL=2.0,PITCH=0.0,YAW=0.0
2026 IN-SPACe-PVC,81.90,314,838.82,101325.00,25.00,7.40,0,0.000000,0.000000,0.00,8,0.00,0.00,Descent,PHASE=Ballistic descent,ROLL=2.0,PITCH=0.0,YAW=0.0
2026 IN-SPACe-PVC,82.16,315,837.92,101325.00,25.00,7.40,0,0.000000,0.000000,0.00,8,0.00,0.00,Descent,PHASE=Ballistic descent,ROLL=2.0,PITCH=0.0,YAW=0.0
2026 IN-SPACe-PVC,82.42,316,836.99,101325.00,25.00,7.40,0,0.000000,0.000000,0.00,8,0.00,0.00,Descent,PHASE=Ballistic descent,ROLL=2.0,PITCH=0.0,YAW=0.0
2026 IN-SPACe-PVC,82.68,317,836.02,101325.00,25.00,7.40,0,0.000000,0.000000,0.00,8,0.00,0.00,Descent,PHASE=Ballistic descent,ROLL=2.0,PITCH=0.0,YAW=0.0
2026 IN-SPACe-PVC,82.94,318,835.17,101325.00,25.00,7.40,0,0.000000,0.000000,0.00,8,0.00,0.00,Descent,PHASE=Ballistic descent,ROLL=2.0,PITCH=0.0,YAW=0.0
2026 IN-SPACe-PVC,83.20,319,834.26,101325.00,25.00,7.40,0,0.000000,0.000000,0.00,8,0.00,0.00,Descent,PHASE=Ballistic descent,ROLL=2.0,PITCH=0.0,YAW=0.0
2026 IN-SPACe-PVC,83.46,320,833.32,101325.00,25.00,7.40,0,0.000000,0.000000,0.00,8,0.00,0.00,Descent,PHASE=Ballistic descent,ROLL=2.0,PITCH=0.0,YAW=0.0
2026 IN-SPACe-PVC,83.72,321,832.42,101325.00,25.00,7.40,0,0.000000,0.000000,0.00,8,0.00,0.00,Descent,PHASE=Ballistic descent,ROLL=2.0,PITCH=0.0,YAW=0.0
2026 IN-SPACe-PVC,83.98,322,831.50,101325.00,25.00,7.40,0,0.000000,0.000000,0.00,8,0.00,0.00,Descent,PHASE=Ballistic descent,ROLL=2.0,PITCH=0.0,YAW=0.0
2026 IN-SPACe-PVC,84.24,323,830.59,101325.00,25.00,7.40,0,0.000000,0.000000,0.00,8,0.00,0.00,Descent,PHASE=Ballistic descent,ROLL=2.0,PITCH=0.0,YAW=0.0
2026 IN-SPACe-PVC,84.50,324,829.74,101325.00,25.00,7.40,0,0.000000,0.000000,0.00,8,0.00,0.00,Descent,PHASE=Ballistic descent,ROLL=2.0,PITCH=0.0,YAW=0.0
2026 IN-SPACe-PVC,84.76,325,828.85,101325.00,25.00,7.40,0,0.000000,0.000000,0.00,8,0.00,0.00,Descent,PHASE=Ballistic descent,ROLL=2.0,PITCH=0.0,YAW=0.0
2026 IN-SPACe-PVC,85.02,326,827.88,101325.00,25.00,7.40,0,0.000000,0.000000,0.00,8,0.00,0.00,Descent,PHASE=Ballistic descent,ROLL=2.0,PITCH=0.0,YAW=0.0
2026 IN-SPACe-PVC,85.28,327,827.00,101325.00,25.00,7.40,0,0.000000,0.000000,0.00,8,0.00,0.00,Descent,PHASE=Ballistic descent,ROLL=2.0,PITCH=0.0,YAW=0.0
2026 IN-SPACe-PVC,85.54,328,826.13,101325.00,25.00,7.40,0,0.000000,0.000000,0.00,8,0.00,0.00,Descent,PHASE=Ballistic descent,ROLL=2.0,PITCH=0.0,YAW=0.0
2026 IN-SPACe-PVC,85.80,329,825.10,101325.00,25.00,7.40,0,0.000000,0.000000,0.00,8,0.00,0.00,Descent,PHASE=Ballistic descent,ROLL=2.0,PITCH=0.0,YAW=0.0
2026 IN-SPACe-PVC,86.06,330,824.29,101325.00,25.00,7.40,0,0.000000,0.000000,0.00,8,0.00,0.00,Descent,PHASE=Ballistic descent,ROLL=2.0,PITCH=0.0,YAW=0.0
2026 IN-SPACe-PVC,86.32,331,823.38,101325.00,25.00,7.40,0,0.000000,0.000000,0.00,8,0.00,0.00,Descent,PHASE=Ballistic descent,ROLL=2.0,PITCH=0.0,YAW=0.0
2026 IN-SPACe-PVC,86.58,332,822.43,101325.00,25.00,7.40,0,0.000000,0.000000,0.00,8,0.00,0.00,Descent,PHASE=Ballistic descent,ROLL=2.0,PITCH=0.0,YAW=0.0
2026 IN-SPACe-PVC,86.84,333,821.53,101325.00,25.00,7.40,0,0.000000,0.000000,0.00,8,0.00,0.00,Descent,PHASE=Ballistic descent,ROLL=2.0,PITCH=0.0,YAW=0.0
2026 IN-SPACe-PVC,87.10,334,820.54,101325.00,25.00,7.40,0,0.000000,0.000000,0.00,8,0.00,0.00,Descent,PHASE=Ballistic descent,ROLL=2.0,PITCH=0.0,YAW=0.0
2026 IN-SPACe-PVC,87.36,335,819.72,101325.00,25.00,7.40,0,0.000000,0.000000,0.00,8,0.00,0.00,Descent,PHASE=Ballistic descent,ROLL=2.0,PITCH=0.0,YAW=0.0
2026 IN-SPACe-PVC,87.62,336,818.66,101325.00,25.00,7.40,0,0.000000,0.000000,0.00,8,0.00,0.00,Descent,PHASE=Ballistic descent,ROLL=2.0,PITCH=0.0,YAW=0.0
2026 IN-SPACe-PVC,87.88,337,817.84,101325.00,25.00,7.40,0,0.000000,0.000000,0.00,8,0.00,0.00,Descent,PHASE=Ballistic descent,ROLL=2.0,PITCH=0.0,YAW=0.0
2026 IN-SPACe-PVC,88.14,338,816.95,101325.00,25.00,7.40,0,0.000000,0.000000,0.00,8,0.00,0.00,Descent,PHASE=Ballistic descent,ROLL=2.0,PITCH=0.0,YAW=0.0
2026 IN-SPACe-PVC,88.40,339,816.00,101325.00,25.00,7.40,0,0.000000,0.000000,0.00,8,0.00,0.00,Descent,PHASE=Ballistic descent,ROLL=2.0,PITCH=0.0,YAW=0.0
2026 IN-SPACe-PVC,88.66,340,815.09,101325.00,25.00,7.40,0,0.000000,0.000000,0.00,8,0.00,0.00,Descent,PHASE=Ballistic descent,ROLL=2.0,PITCH=0.0,YAW=0.0
2026 IN-SPACe-PVC,88.92,341,814.23,101325.00,25.00,7.40,0,0.000000,0.000000,0.00,8,0.00,0.00,Descent,PHASE=Ballistic descent,ROLL=2.0,PITCH=0.0,YAW=0.0
2026 IN-SPACe-PVC,89.18,342,813.28,101325.00,25.00,7.40,0,0.000000,0.000000,0.00,8,0.00,0.00,Descent,PHASE=Ballistic descent,ROLL=2.0,PITCH=0.0,YAW=0.0
2026 IN-SPACe-PVC,89.44,343,812.41,101325.00,25.00,7.40,0,0.000000,0.000000,0.00,8,0.00,0.00,Descent,PHASE=Ballistic descent,ROLL=2.0,PITCH=0.0,YAW=0.0
2026 IN-SPACe-PVC,89.70,344,811.50,101325.00,25.00,7.40,0,0.000000,0.000000,0.00,8,0.00,0.00,Descent,PHASE=Ballistic descent,ROLL=2.0,PITCH=0.0,YAW=0.0
2026 IN-SPACe-PVC,89.96,345,810.65,101325.00,25.00,7.40,0,0.000000,0.000000,0.00,8,0.00,0.00,Descent,PHASE=Ballistic descent,ROLL=2.0,PITCH=0.0,YAW=0.0
2026 IN-SPACe-PVC,90.22,346,809.69,101325.00,25.00,7.40,0,0.000000,0.000000,0.00,8,0.00,0.00,Descent,PHASE=Ballistic descent,ROLL=2.0,PITCH=0.0,YAW=0.0
2026 IN-SPACe-PVC,90.48,347,808.86,101325.00,25.00,7.40,0,0.000000,0.000000,0.00,8,0.00,0.00,Descent,PHASE=Ballistic descent,ROLL=2.0,PITCH=0.0,YAW=0.0
2026 IN-SPACe-PVC,90.74,348,807.87,101325.00,25.00,7.40,0,0.000000,0.000000,0.00,8,0.00,0.00,Descent,PHASE=Ballistic descent,ROLL=2.0,PITCH=0.0,YAW=0.0
2026 IN-SPACe-PVC,91.00,349,806.96,101325.00,25.00,7.40,0,0.000000,0.000000,0.00,8,0.00,0.00,Descent,PHASE=Ballistic descent,ROLL=2.0,PITCH=0.0,YAW=0.0
2026 IN-SPACe-PVC,91.26,350,806.09,101325.00,25.00,7.40,0,0.000000,0.000000,0.00,8,0.00,0.00,Descent,PHASE=Ballistic descent,ROLL=2.0,PITCH=0.0,YAW=0.0
2026 IN-SPACe-PVC,91.52,351,805.17,101325.00,25.00,7.40,0,0.000000,0.000000,0.00,8,0.00,0.00,Descent,PHASE=Ballistic descent,ROLL=2.0,PITCH=0.0,YAW=0.0
2026 IN-SPACe-PVC,91.78,352,804.25,101325.00,25.00,7.40,0,0.000000,0.000000,0.00,8,0.00,0.00,Descent,PHASE=Ballistic descent,ROLL=2.0,PITCH=0.0,YAW=0.0
2026 IN-SPACe-PVC,92.04,353,803.33,101325.00,25.00,7.40,0,0.000000,0.000000,0.00,8,0.00,0.00,Descent,PHASE=Ballistic descent,ROLL=2.0,PITCH=0.0,YAW=0.0
2026 IN-SPACe-PVC,92.30,354,802.29,101325.00,25.00,7.40,0,0.000000,0.000000,0.00,8,0.00,0.00,Descent,PHASE=Ballistic descent,ROLL=2.0,PITCH=0.0,YAW=0.0
2026 IN-SPACe-PVC,92.56,355,801.48,101325.00,25.00,7.40,0,0.000000,0.000000,0.00,8,0.00,0.00,Descent,PHASE=Ballistic descent,ROLL=2.0,PITCH=0.0,YAW=0.0
2026 IN-SPACe-PVC,92.82,356,800.62,101325.00,25.00,7.40,0,0.000000,0.000000,0.00,8,0.00,0.00,Descent,PHASE=Ballistic descent,ROLL=2.0,PITCH=0.0,YAW=0.0
2026 IN-SPACe-PVC,93.08,357,799.67,101325.00,25.00,7.40,0,0.000000,0.000000,0.00,8,0.00,0.00,Descent,PHASE=Ballistic descent,ROLL=2.0,PITCH=0.0,YAW=0.0
2026 IN-SPACe-PVC,93.34,358,798.71,101325.00,25.00,7.40,0,0.000000,0.000000,0.00,8,0.00,0.00,Descent,PHASE=Ballistic descent,ROLL=2.0,PITCH=0.0,YAW=0.0
2026 IN-SPACe-PVC,93.60,359,797.80,101325.00,25.00,7.40,0,0.000000,0.000000,0.00,8,0.00,0.00,Descent,PHASE=Ballistic descent,ROLL=2.0,PITCH=0.0,YAW=0.0
2026 IN-SPACe-PVC,93.86,360,796.93,101325.00,25.00,7.40,0,0.000000,0.000000,0.00,8,0.00,0.00,Descent,PHASE=Ballistic descent,ROLL=2.0,PITCH=0.0,YAW=0.0
2026 IN-SPACe-PVC,94.12,361,796.09,101325.00,25.00,7.40,0,0.000000,0.000000,0.00,8,0.00,0.00,Descent,PHASE=Ballistic descent,ROLL=2.0,PITCH=0.0,YAW=0.0
2026 IN-SPACe-PVC,94.38,362,795.15,101325.00,25.00,7.40,0,0.000000,0.000000,0.00,8,0.00,0.00,Descent,PHASE=Ballistic descent,ROLL=2.0,PITCH=0.0,YAW=0.0
2026 IN-SPACe-PVC,94.64,363,794.22,101325.00,25.00,7.40,0,0.000000,0.000000,0.00,8,0.00,0.00,Descent,PHASE=Ballistic descent,ROLL=2.0,PITCH=0.0,YAW=0.0
2026 IN-SPACe-PVC,94.90,364,793.36,101325.00,25.00,7.40,0,0.000000,0.000000,0.00,8,0.00,0.00,Descent,PHASE=Ballistic descent,ROLL=2.0,PITCH=0.0,YAW=0.0
2026 IN-SPACe-PVC,95.16,365,792.49,101325.00,25.00,7.40,0,0.000000,0.000000,0.00,8,0.00,0.00,Descent,PHASE=Ballistic descent,ROLL=2.0,PITCH=0.0,YAW=0.0
2026 IN-SPACe-PVC,95.42,366,791.44,101325.00,25.00,7.40,0,0.000000,0.000000,0.00,8,0.00,0.00,Descent,PHASE=Ballistic descent,ROLL=2.0,PITCH=0.0,YAW=0.0
2026 IN-SPACe-PVC,95.68,367,790.52,101325.00,25.00,7.40,0,0.000000,0.000000,0.00,8,0.00,0.00,Descent,PHASE=Ballistic descent,ROLL=2.0,PITCH=0.0,YAW=0.0
2026 IN-SPACe-PVC,95.94,368,789.68,101325.00,25.00,7.40,0,0.000000,0.000000,0.00,8,0.00,0.00,Descent,PHASE=Ballistic descent,ROLL=2.0,PITCH=0.0,YAW=0.0
2026 IN-SPACe-PVC,96.20,369,788.69,101325.00,25.00,7.40,0,0.000000,0.000000,0.00,8,0.00,0.00,Descent,PHASE=Ballistic descent,ROLL=2.0,PITCH=0.0,YAW=0.0
2026 IN-SPACe-PVC,96.46,370,787.82,101325.00,25.00,7.40,0,0.000000,0.000000,0.00,8,0.00,0.00,Descent,PHASE=Ballistic descent,ROLL=2.0,PITCH=0.0,YAW=0.0
2026 IN-SPACe-PVC,96.72,371,787.01,101325.00,25.00,7.40,0,0.000000,0.000000,0.00,8,0.00,0.00,Descent,PHASE=Ballistic descent,ROLL=2.0,PITCH=0.0,YAW=0.0
2026 IN-SPACe-PVC,96.98,372,786.00,101325.00,25.00,7.40,0,0.000000,0.000000,0.00,8,0.00,0.00,Descent,PHASE=Ballistic descent,ROLL=2.0,PITCH=0.0,YAW=0.0
2026 IN-SPACe-PVC,97.24,373,785.11,101325.00,25.00,7.40,0,0.000000,0.000000,0.00,8,0.00,0.00,Descent,PHASE=Ballistic descent,ROLL=2.0,PITCH=0.0,YAW=0.0
2026 IN-SPACe-PVC,97.50,374,784.14,101325.00,25.00,7.40,0,0.000000,0.000000,0.00,8,0.00,0.00,Descent,PHASE=Ballistic descent,ROLL=2.0,PITCH=0.0,YAW=0.0
2026 IN-SPACe-PVC,97.76,375,783.34,101325.00,25.00,7.40,0,0.000000,0.000000,0.00,8,0.00,0.00,Descent,PHASE=Ballistic descent,ROLL=2.0,PITCH=0.0,YAW=0.0
2026 IN-SPACe-PVC,98.02,376,782.33,101325.00,25.00,7.40,0,0.000000,0.000000,0.00,8,0.00,0.00,Descent,PHASE=Ballistic descent,ROLL=2.0,PITCH=0.0,YAW=0.0
2026 IN-SPACe-PVC,98.28,377,781.47,101325.00,25.00,7.40,0,0.000000,0.000000,0.00,8,0.00,0.00,Descent,PHASE=Ballistic descent,ROLL=2.0,PITCH=0.0,YAW=0.0
2026 IN-SPACe-PVC,98.54,378,780.53,101325.00,25.00,7.40,0,0.000000,0.000000,0.00,8,0.00,0.00,Descent,PHASE=Ballistic descent,ROLL=2.0,PITCH=0.0,YAW=0.0
2026 IN-SPACe-PVC,98.80,379,779.57,101325.00,25.00,7.40,0,0.000000,0.000000,0.00,8,0.00,0.00,Descent,PHASE=Ballistic descent,ROLL=2.0,PITCH=0.0,YAW=0.0
2026 IN-SPACe-PVC,99.06,380,778.71,101325.00,25.00,7.40,0,0.000000,0.000000,0.00,8,0.00,0.00,Descent,PHASE=Ballistic descent,ROLL=2.0,PITCH=0.0,YAW=0.0
2026 IN-SPACe-PVC,99.32,381,777.93,101325.00,25.00,7.40,0,0.000000,0.000000,0.00,8,0.00,0.00,Descent,PHASE=Ballistic descent,ROLL=2.0,PITCH=0.0,YAW=0.0
2026 IN-SPACe-PVC,99.58,382,776.89,101325.00,25.00,7.40,0,0.000000,0.000000,0.00,8,0.00,0.00,Descent,PHASE=Ballistic descent,ROLL=2.0,PITCH=0.0,YAW=0.0
2026 IN-SPACe-PVC,99.84,383,775.92,101325.00,25.00,7.40,0,0.000000,0.000000,0.00,8,0.00,0.00,Descent,PHASE=Ballistic descent,ROLL=2.0,PITCH=0.0,YAW=0.0
2026 IN-SPACe-PVC,100.10,384,775.08,101325.00,25.00,7.40,0,0.000000,0.000000,0.00,8,0.00,0.00,Descent,PHASE=Ballistic descent,ROLL=2.0,PITCH=0.0,YAW=0.0
2026 IN-SPACe-PVC,100.36,385,774.18,101325.00,25.00,7.40,0,0.000000,0.000000,0.00,8,0.00,0.00,Descent,PHASE=Ballistic descent,ROLL=2.0,PITCH=0.0,YAW=0.0
2026 IN-SPACe-PVC,100.62,386,773.31,101325.00,25.00,7.40,0,0.000000,0.000000,0.00,8,0.00,0.00,Descent,PHASE=Ballistic descent,ROLL=2.0,PITCH=0.0,YAW=0.0
2026 IN-SPACe-PVC,100.88,387,772.42,101325.00,25.00,7.40,0,0.000000,0.000000,0.00,8,0.00,0.00,Descent,PHASE=Ballistic descent,ROLL=2.0,PITCH=0.0,YAW=0.0
2026 IN-SPACe-PVC,101.14,388,771.41,101325.00,25.00,7.40,0,0.000000,0.000000,0.00,8,0.00,0.00,Descent,PHASE=Ballistic descent,ROLL=2.0,PITCH=0.0,YAW=0.0
2026 IN-SPACe-PVC,101.39,389,770.51,101325.00,25.00,7.40,0,0.000000,0.000000,0.00,8,0.00,0.00,Descent,PHASE=Ballistic descent,ROLL=2.0,PITCH=0.0,YAW=0.0
2026 IN-SPACe-PVC,101.65,390,769.69,101325.00,25.00,7.40,0,0.000000,0.000000,0.00,8,0.00,0.00,Descent,PHASE=Ballistic descent,ROLL=2.0,PITCH=0.0,YAW=0.0
2026 IN-SPACe-PVC,101.91,391,768.75,101325.00,25.00,7.40,0,0.000000,0.000000,0.00,8,0.00,0.00,Descent,PHASE=Ballistic descent,ROLL=2.0,PITCH=0.0,YAW=0.0
2026 IN-SPACe-PVC,102.17,392,767.83,101325.00,25.00,7.40,0,0.000000,0.000000,0.00,8,0.00,0.00,Descent,PHASE=Ballistic descent,ROLL=2.0,PITCH=0.0,YAW=0.0
2026 IN-SPACe-PVC,102.43,393,766.91,101325.00,25.00,7.40,0,0.000000,0.000000,0.00,8,0.00,0.00,Descent,PHASE=Ballistic descent,ROLL=2.0,PITCH=0.0,YAW=0.0
2026 IN-SPACe-PVC,102.69,394,765.95,101325.00,25.00,7.40,0,0.000000,0.000000,0.00,8,0.00,0.00,Descent,PHASE=Ballistic descent,ROLL=2.0,PITCH=0.0,YAW=0.0
2026 IN-SPACe-PVC,102.95,395,765.09,101325.00,25.00,7.40,0,0.000000,0.000000,0.00,8,0.00,0.00,Descent,PHASE=Ballistic descent,ROLL=2.0,PITCH=0.0,YAW=0.0
2026 IN-SPACe-PVC,103.21,396,764.14,101325.00,25.00,7.40,0,0.000000,0.000000,0.00,8,0.00,0.00,Descent,PHASE=Ballistic descent,ROLL=2.0,PITCH=0.0,YAW=0.0
2026 IN-SPACe-PVC,103.47,397,763.29,101325.00,25.00,7.40,0,0.000000,0.000000,0.00,8,0.00,0.00,Descent,PHASE=Ballistic descent,ROLL=2.0,PITCH=0.0,YAW=0.0
2026 IN-SPACe-PVC,103.73,398,762.39,101325.00,25.00,7.40,0,0.000000,0.000000,0.00,8,0.00,0.00,Descent,PHASE=Ballistic descent,ROLL=2.0,PITCH=0.0,YAW=0.0
2026 IN-SPACe-PVC,103.99,399,761.39,101325.00,25.00,7.40,0,0.000000,0.000000,0.00,8,0.00,0.00,Descent,PHASE=Ballistic descent,ROLL=2.0,PITCH=0.0,YAW=0.0
2026 IN-SPACe-PVC,104.25,400,760.56,101325.00,25.00,7.40,0,0.000000,0.000000,0.00,8,0.00,0.00,Descent,PHASE=Ballistic descent,ROLL=2.0,PITCH=0.0,YAW=0.0
2026 IN-SPACe-PVC,104.51,401,759.63,101325.00,25.00,7.40,0,0.000000,0.000000,0.00,8,0.00,0.00,Descent,PHASE=Ballistic descent,ROLL=2.0,PITCH=0.0,YAW=0.0
2026 IN-SPACe-PVC,104.77,402,758.70,101325.00,25.00,7.40,0,0.000000,0.000000,0.00,8,0.00,0.00,Descent,PHASE=Ballistic descent,ROLL=2.0,PITCH=0.0,YAW=0.0
2026 IN-SPACe-PVC,105.03,403,757.82,101325.00,25.00,7.40,0,0.000000,0.000000,0.00,8,0.00,0.00,Descent,PHASE=Ballistic descent,ROLL=2.0,PITCH=0.0,YAW=0.0
2026 IN-SPACe-PVC,105.29,404,756.88,101325.00,25.00,7.40,0,0.000000,0.000000,0.00,8,0.00,0.00,Descent,PHASE=Ballistic descent,ROLL=2.0,PITCH=0.0,YAW=0.0
2026 IN-SPACe-PVC,105.55,405,756.08,101325.00,25.00,7.40,0,0.000000,0.000000,0.00,8,0.00,0.00,Descent,PHASE=Ballistic descent,ROLL=2.0,PITCH=0.0,YAW=0.0
2026 IN-SPACe-PVC,105.81,406,754.99,101325.00,25.00,7.40,0,0.000000,0.000000,0.00,8,0.00,0.00,Descent,PHASE=Ballistic descent,ROLL=2.0,PITCH=0.0,YAW=0.0
2026 IN-SPACe-PVC,106.07,407,754.16,101325.00,25.00,7.40,0,0.000000,0.000000,0.00,8,0.00,0.00,Descent,PHASE=Ballistic descent,ROLL=2.0,PITCH=0.0,YAW=0.0
2026 IN-SPACe-PVC,106.33,408,753.20,101325.00,25.00,7.40,0,0.000000,0.000000,0.00,8,0.00,0.00,Descent,PHASE=Ballistic descent,ROLL=2.0,PITCH=0.0,YAW=0.0
2026 IN-SPACe-PVC,106.59,409,752.40,101325.00,25.00,7.40,0,0.000000,0.000000,0.00,8,0.00,0.00,Descent,PHASE=Ballistic descent,ROLL=2.0,PITCH=0.0,YAW=0.0
2026 IN-SPACe-PVC,106.85,410,751.43,101325.00,25.00,7.40,0,0.000000,0.000000,0.00,8,0.00,0.00,Descent,PHASE=Ballistic descent,ROLL=2.0,PITCH=0.0,YAW=0.0
2026 IN-SPACe-PVC,107.11,411,750.57,101325.00,25.00,7.40,0,0.000000,0.000000,0.00,8,0.00,0.00,Descent,PHASE=Ballistic descent,ROLL=2.0,PITCH=0.0,YAW=0.0
2026 IN-SPACe-PVC,107.37,412,749.63,101325.00,25.00,7.40,0,0.000000,0.000000,0.00,8,0.00,0.00,Descent,PHASE=Ballistic descent,ROLL=2.0,PITCH=0.0,YAW=0.0
2026 IN-SPACe-PVC,107.63,413,748.76,101325.00,25.00,7.40,0,0.000000,0.000000,0.00,8,0.00,0.00,Descent,PHASE=Ballistic descent,ROLL=2.0,PITCH=0.0,YAW=0.0
2026 IN-SPACe-PVC,107.89,414,747.81,101325.00,25.00,7.40,0,0.000000,0.000000,0.00,8,0.00,0.00,Descent,PHASE=Ballistic descent,ROLL=2.0,PITCH=0.0,YAW=0.0
2026 IN-SPACe-PVC,108.15,415,746.90,101325.00,25.00,7.40,0,0.000000,0.000000,0.00,8,0.00,0.00,Descent,PHASE=Ballistic descent,ROLL=2.0,PITCH=0.0,YAW=0.0
2026 IN-SPACe-PVC,108.41,416,745.93,101325.00,25.00,7.40,0,0.000000,0.000000,0.00,8,0.00,0.00,Descent,PHASE=Ballistic descent,ROLL=2.0,PITCH=0.0,YAW=0.0
2026 IN-SPACe-PVC,108.67,417,745.10,101325.00,25.00,7.40,0,0.000000,0.000000,0.00,8,0.00,0.00,Descent,PHASE=Ballistic descent,ROLL=2.0,PITCH=0.0,YAW=0.0
2026 IN-SPACe-PVC,108.93,418,744.14,101325.00,25.00,7.40,0,0.000000,0.000000,0.00,8,0.00,0.00,Descent,PHASE=Ballistic descent,ROLL=2.0,PITCH=0.0,YAW=0.0
2026 IN-SPACe-PVC,109.19,419,743.26,101325.00,25.00,7.40,0,0.000000,0.000000,0.00,8,0.00,0.00,Descent,PHASE=Ballistic descent,ROLL=2.0,PITCH=0.0,YAW=0.0
2026 IN-SPACe-PVC,109.45,420,742.32,101325.00,25.00,7.40,0,0.000000,0.000000,0.00,8,0.00,0.00,Descent,PHASE=Ballistic descent,ROLL=2.0,PITCH=0.0,YAW=0.0
2026 IN-SPACe-PVC,109.71,421,741.44,101325.00,25.00,7.40,0,0.000000,0.000000,0.00,8,0.00,0.00,Descent,PHASE=Ballistic descent,ROLL=2.0,PITCH=0.0,YAW=0.0
2026 IN-SPACe-PVC,109.97,422,740.50,101325.00,25.00,7.40,0,0.000000,0.000000,0.00,8,0.00,0.00,Descent,PHASE=Ballistic descent,ROLL=2.0,PITCH=0.0,YAW=0.0
2026 IN-SPACe-PVC,110.23,423,739.59,101325.00,25.00,7.40,0,0.000000,0.000000,0.00,8,0.00,0.00,Descent,PHASE=Ballistic descent,ROLL=2.0,PITCH=0.0,YAW=0.0
2026 IN-SPACe-PVC,110.49,424,738.76,101325.00,25.00,7.40,0,0.000000,0.000000,0.00,8,0.00,0.00,Descent,PHASE=Ballistic descent,ROLL=2.0,PITCH=0.0,YAW=0.0
2026 IN-SPACe-PVC,110.75,425,737.75,101325.00,25.00,7.40,0,0.000000,0.000000,0.00,8,0.00,0.00,Descent,PHASE=Ballistic descent,ROLL=2.0,PITCH=0.0,YAW=0.0
2026 IN-SPACe-PVC,111.01,426,736.88,101325.00,25.00,7.40,0,0.000000,0.000000,0.00,8,0.00,0.00,Descent,PHASE=Ballistic descent,ROLL=2.0,PITCH=0.0,YAW=0.0
2026 IN-SPACe-PVC,111.27,427,735.99,101325.00,25.00,7.40,0,0.000000,0.000000,0.00,8,0.00,0.00,Descent,PHASE=Ballistic descent,ROLL=2.0,PITCH=0.0,YAW=0.0
2026 IN-SPACe-PVC,111.53,428,735.10,101325.00,25.00,7.40,0,0.000000,0.000000,0.00,8,0.00,0.00,Descent,PHASE=Ballistic descent,ROLL=2.0,PITCH=0.0,YAW=0.0
2026 IN-SPACe-PVC,111.79,429,734.20,101325.00,25.00,7.40,0,0.000000,0.000000,0.00,8,0.00,0.00,Descent,PHASE=Ballistic descent,ROLL=2.0,PITCH=0.0,YAW=0.0
2026 IN-SPACe-PVC,112.05,430,733.20,101325.00,25.00,7.40,0,0.000000,0.000000,0.00,8,0.00,0.00,Descent,PHASE=Ballistic descent,ROLL=2.0,PITCH=0.0,YAW=0.0
2026 IN-SPACe-PVC,112.31,431,732.38,101325.00,25.00,7.40,0,0.000000,0.000000,0.00,8,0.00,0.00,Descent,PHASE=Ballistic descent,ROLL=2.0,PITCH=0.0,YAW=0.0
2026 IN-SPACe-PVC,112.57,432,731.37,101325.00,25.00,7.40,0,0.000000,0.000000,0.00,8,0.00,0.00,Descent,PHASE=Ballistic descent,ROLL=2.0,PITCH=0.0,YAW=0.0
2026 IN-SPACe-PVC,112.83,433,730.53,101325.00,25.00,7.40,0,0.000000,0.000000,0.00,8,0.00,0.00,Descent,PHASE=Ballistic descent,ROLL=2.0,PITCH=0.0,YAW=0.0
2026 IN-SPACe-PVC,113.09,434,729.59,101325.00,25.00,7.40,0,0.000000,0.000000,0.00,8,0.00,0.00,Descent,PHASE=Ballistic descent,ROLL=2.0,PITCH=0.0,YAW=0.0
2026 IN-SPACe-PVC,113.35,435,728.73,101325.00,25.00,7.40,0,0.000000,0.000000,0.00,8,0.00,0.00,Descent,PHASE=Ballistic descent,ROLL=2.0,PITCH=0.0,YAW=0.0
2026 IN-SPACe-PVC,113.61,436,727.78,101325.00,25.00,7.40,0,0.000000,0.000000,0.00,8,0.00,0.00,Descent,PHASE=Ballistic descent,ROLL=2.0,PITCH=0.0,YAW=0.0
2026 IN-SPACe-PVC,113.87,437,726.89,101325.00,25.00,7.40,0,0.000000,0.000000,0.00,8,0.00,0.00,Descent,PHASE=Ballistic descent,ROLL=2.0,PITCH=0.0,YAW=0.0
2026 IN-SPACe-PVC,114.13,438,725.98,101325.00,25.00,7.40,0,0.000000,0.000000,0.00,8,0.00,0.00,Descent,PHASE=Ballistic descent,ROLL=2.0,PITCH=0.0,YAW=0.0
2026 IN-SPACe-PVC,114.39,439,725.05,101325.00,25.00,7.40,0,0.000000,0.000000,0.00,8,0.00,0.00,Descent,PHASE=Ballistic descent,ROLL=2.0,PITCH=0.0,YAW=0.0
2026 IN-SPACe-PVC,114.65,440,724.24,101325.00,25.00,7.40,0,0.000000,0.000000,0.00,8,0.00,0.00,Descent,PHASE=Ballistic descent,ROLL=2.0,PITCH=0.0,YAW=0.0
2026 IN-SPACe-PVC,114.91,441,723.15,101325.00,25.00,7.40,0,0.000000,0.000000,0.00,8,0.00,0.00,Descent,PHASE=Ballistic descent,ROLL=2.0,PITCH=0.0,YAW=0.0
2026 IN-SPACe-PVC,115.17,442,722.28,101325.00,25.00,7.40,0,0.000000,0.000000,0.00,8,0.00,0.00,Descent,PHASE=Ballistic descent,ROLL=2.0,PITCH=0.0,YAW=0.0
2026 IN-SPACe-PVC,115.43,443,721.36,101325.00,25.00,7.40,0,0.000000,0.000000,0.00,8,0.00,0.00,Descent,PHASE=Ballistic descent,ROLL=2.0,PITCH=0.0,YAW=0.0
2026 IN-SPACe-PVC,115.69,444,720.53,101325.00,25.00,7.40,0,0.000000,0.000000,0.00,8,0.00,0.00,Descent,PHASE=Ballistic descent,ROLL=2.0,PITCH=0.0,YAW=0.0
2026 IN-SPACe-PVC,115.95,445,719.57,101325.00,25.00,7.40,0,0.000000,0.000000,0.00,8,0.00,0.00,Descent,PHASE=Ballistic descent,ROLL=2.0,PITCH=0.0,YAW=0.0
2026 IN-SPACe-PVC,116.21,446,718.60,101325.00,25.00,7.40,0,0.000000,0.000000,0.00,8,0.00,0.00,Descent,PHASE=Ballistic descent,ROLL=2.0,PITCH=0.0,YAW=0.0
2026 IN-SPACe-PVC,116.47,447,717.77,101325.00,25.00,7.40,0,0.000000,0.000000,0.00,8,0.00,0.00,Descent,PHASE=Ballistic descent,ROLL=2.0,PITCH=0.0,YAW=0.0
2026 IN-SPACe-PVC,116.73,448,716.86,101325.00,25.00,7.40,0,0.000000,0.000000,0.00,8,0.00,0.00,Descent,PHASE=Ballistic descent,ROLL=2.0,PITCH=0.0,YAW=0.0
2026 IN-SPACe-PVC,116.99,449,715.99,101325.00,25.00,7.40,0,0.000000,0.000000,0.00,8,0.00,0.00,Descent,PHASE=Ballistic descent,ROLL=2.0,PITCH=0.0,YAW=0.0
2026 IN-SPACe-PVC,117.25,450,715.02,101325.00,25.00,7.40,0,0.000000,0.000000,0.00,8,0.00,0.00,Descent,PHASE=Ballistic descent,ROLL=2.0,PITCH=0.0,YAW=0.0
2026 IN-SPACe-PVC,117.51,451,714.23,101325.00,25.00,7.40,0,0.000000,0.000000,0.00,8,0.00,0.00,Descent,PHASE=Ballistic descent,ROLL=2.0,PITCH=0.0,YAW=0.0
2026 IN-SPACe-PVC,117.77,452,713.20,101325.00,25.00,7.40,0,0.000000,0.000000,0.00,8,0.00,0.00,Descent,PHASE=Ballistic descent,ROLL=2.0,PITCH=0.0,YAW=0.0
2026 IN-SPACe-PVC,118.03,453,712.31,101325.00,25.00,7.40,0,0.000000,0.000000,0.00,8,0.00,0.00,Descent,PHASE=Ballistic descent,ROLL=2.0,PITCH=0.0,YAW=0.0
2026 IN-SPACe-PVC,118.29,454,711.38,101325.00,25.00,7.40,0,0.000000,0.000000,0.00,8,0.00,0.00,Descent,PHASE=Ballistic descent,ROLL=2.0,PITCH=0.0,YAW=0.0
2026 IN-SPACe-PVC,118.55,455,710.47,101325.00,25.00,7.40,0,0.000000,0.000000,0.00,8,0.00,0.00,Descent,PHASE=Ballistic descent,ROLL=2.0,PITCH=0.0,YAW=0.0
2026 IN-SPACe-PVC,118.81,456,709.56,101325.00,25.00,7.40,0,0.000000,0.000000,0.00,8,0.00,0.00,Descent,PHASE=Ballistic descent,ROLL=2.0,PITCH=0.0,YAW=0.0
2026 IN-SPACe-PVC,119.07,457,708.67,101325.00,25.00,7.40,0,0.000000,0.000000,0.00,8,0.00,0.00,Descent,PHASE=Ballistic descent,ROLL=2.0,PITCH=0.0,YAW=0.0
2026 IN-SPACe-PVC,119.33,458,707.80,101325.00,25.00,7.40,0,0.000000,0.000000,0.00,8,0.00,0.00,Descent,PHASE=Ballistic descent,ROLL=2.0,PITCH=0.0,YAW=0.0
2026 IN-SPACe-PVC,119.59,459,706.82,101325.00,25.00,7.40,0,0.000000,0.000000,0.00,8,0.00,0.00,Descent,PHASE=Ballistic descent,ROLL=2.0,PITCH=0.0,YAW=0.0
2026 IN-SPACe-PVC,119.85,460,705.96,101325.00,25.00,7.40,0,0.000000,0.000000,0.00,8,0.00,0.00,Descent,PHASE=Ballistic descent,ROLL=2.0,PITCH=0.0,YAW=0.0
2026 IN-SPACe-PVC,120.11,461,704.98,101325.00,25.00,7.40,0,0.000000,0.000000,0.00,8,0.00,0.00,Descent,PHASE=Ballistic descent,ROLL=2.0,PITCH=0.0,YAW=0.0
2026 IN-SPACe-PVC,120.37,462,704.08,101325.00,25.00,7.40,0,0.000000,0.000000,0.00,8,0.00,0.00,Descent,PHASE=Ballistic descent,ROLL=2.0,PITCH=0.0,YAW=0.0
2026 IN-SPACe-PVC,120.63,463,703.20,101325.00,25.00,7.40,0,0.000000,0.000000,0.00,8,0.00,0.00,Descent,PHASE=Ballistic descent,ROLL=2.0,PITCH=0.0,YAW=0.0
2026 IN-SPACe-PVC,120.89,464,702.31,101325.00,25.00,7.40,0,0.000000,0.000000,0.00,8,0.00,0.00,Descent,PHASE=Ballistic descent,ROLL=2.0,PITCH=0.0,YAW=0.0
2026 IN-SPACe-PVC,121.15,465,701.34,101325.00,25.00,7.40,0,0.000000,0.000000,0.00,8,0.00,0.00,Descent,PHASE=Ballistic descent,ROLL=2.0,PITCH=0.0,YAW=0.0
2026 IN-SPACe-PVC,121.41,466,700.48,101325.00,25.00,7.40,0,0.000000,0.000000,0.00,8,0.00,0.00,Descent,PHASE=Ballistic descent,ROLL=2.0,PITCH=0.0,YAW=0.0
2026 IN-SPACe-PVC,121.67,467,699.55,101325.00,25.00,7.40,0,0.000000,0.000000,0.00,8,0.00,0.00,Descent,PHASE=Ballistic descent,ROLL=2.0,PITCH=0.0,YAW=0.0
2026 IN-SPACe-PVC,121.93,468,698.59,101325.00,25.00,7.40,0,0.000000,0.000000,0.00,8,0.00,0.00,Descent,PHASE=Ballistic descent,ROLL=2.0,PITCH=0.0,YAW=0.0
2026 IN-SPACe-PVC,122.19,469,697.64,101325.00,25.00,7.40,0,0.000000,0.000000,0.00,8,0.00,0.00,Descent,PHASE=Ballistic descent,ROLL=2.0,PITCH=0.0,YAW=0.0
2026 IN-SPACe-PVC,122.45,470,696.81,101325.00,25.00,7.40,0,0.000000,0.000000,0.00,8,0.00,0.00,Descent,PHASE=Ballistic descent,ROLL=2.0,PITCH=0.0,YAW=0.0
2026 IN-SPACe-PVC,122.71,471,696.00,101325.00,25.00,7.40,0,0.000000,0.000000,0.00,8,0.00,0.00,Descent,PHASE=Ballistic descent,ROLL=2.0,PITCH=0.0,YAW=0.0
2026 IN-SPACe-PVC,122.97,472,695.05,101325.00,25.00,7.40,0,0.000000,0.000000,0.00,8,0.00,0.00,Descent,PHASE=Ballistic descent,ROLL=2.0,PITCH=0.0,YAW=0.0
2026 IN-SPACe-PVC,123.23,473,694.04,101325.00,25.00,7.40,0,0.000000,0.000000,0.00,8,0.00,0.00,Descent,PHASE=Ballistic descent,ROLL=2.0,PITCH=0.0,YAW=0.0
2026 IN-SPACe-PVC,123.49,474,693.21,101325.00,25.00,7.40,0,0.000000,0.000000,0.00,8,0.00,0.00,Descent,PHASE=Ballistic descent,ROLL=2.0,PITCH=0.0,YAW=0.0
2026 IN-SPACe-PVC,123.75,475,692.30,101325.00,25.00,7.40,0,0.000000,0.000000,0.00,8,0.00,0.00,Descent,PHASE=Ballistic descent,ROLL=2.0,PITCH=0.0,YAW=0.0
2026 IN-SPACe-PVC,124.01,476,691.38,101325.00,25.00,7.40,0,0.000000,0.000000,0.00,8,0.00,0.00,Descent,PHASE=Ballistic descent,ROLL=2.0,PITCH=0.0,YAW=0.0
2026 IN-SPACe-PVC,124.27,477,690.43,101325.00,25.00,7.40,0,0.000000,0.000000,0.00,8,0.00,0.00,Descent,PHASE=Ballistic descent,ROLL=2.0,PITCH=0.0,YAW=0.0
2026 IN-SPACe-PVC,124.53,478,689.54,101325.00,25.00,7.40,0,0.000000,0.000000,0.00,8,0.00,0.00,Descent,PHASE=Ballistic descent,ROLL=2.0,PITCH=0.0,YAW=0.0
2026 IN-SPACe-PVC,124.79,479,688.71,101325.00,25.00,7.40,0,0.000000,0.000000,0.00,8,0.00,0.00,Descent,PHASE=Ballistic descent,ROLL=2.0,PITCH=0.0,YAW=0.0
2026 IN-SPACe-PVC,125.05,480,687.72,101325.00,25.00,7.40,0,0.000000,0.000000,0.00,8,0.00,0.00,Descent,PHASE=Ballistic descent,ROLL=2.0,PITCH=0.0,YAW=0.0
2026 IN-SPACe-PVC,125.31,481,686.82,101325.00,25.00,7.40,0,0.000000,0.000000,0.00,8,0.00,0.00,Descent,PHASE=Ballistic descent,ROLL=2.0,PITCH=0.0,YAW=0.0
2026 IN-SPACe-PVC,125.57,482,685.92,101325.00,25.00,7.40,0,0.000000,0.000000,0.00,8,0.00,0.00,Descent,PHASE=Ballistic descent,ROLL=2.0,PITCH=0.0,YAW=0.0
2026 IN-SPACe-PVC,125.83,483,684.98,101325.00,25.00,7.40,0,0.000000,0.000000,0.00,8,0.00,0.00,Descent,PHASE=Ballistic descent,ROLL=2.0,PITCH=0.0,YAW=0.0
2026 IN-SPACe-PVC,126.09,484,684.09,101325.00,25.00,7.40,0,0.000000,0.000000,0.00,8,0.00,0.00,Descent,PHASE=Ballistic descent,ROLL=2.0,PITCH=0.0,YAW=0.0
2026 IN-SPACe-PVC,126.35,485,683.24,101325.00,25.00,7.40,0,0.000000,0.000000,0.00,8,0.00,0.00,Descent,PHASE=Ballistic descent,ROLL=2.0,PITCH=0.0,YAW=0.0
2026 IN-SPACe-PVC,126.61,486,682.26,101325.00,25.00,7.40,0,0.000000,0.000000,0.00,8,0.00,0.00,Descent,PHASE=Ballistic descent,ROLL=2.0,PITCH=0.0,YAW=0.0
2026 IN-SPACe-PVC,126.87,487,681.45,101325.00,25.00,7.40,0,0.000000,0.000000,0.00,8,0.00,0.00,Descent,PHASE=Ballistic descent,ROLL=2.0,PITCH=0.0,YAW=0.0
2026 IN-SPACe-PVC,127.13,488,680.45,101325.00,25.00,7.40,0,0.000000,0.000000,0.00,8,0.00,0.00,Descent,PHASE=Ballistic descent,ROLL=2.0,PITCH=0.0,YAW=0.0
2026 IN-SPACe-PVC,127.39,489,679.55,101325.00,25.00,7.40,0,0.000000,0.000000,0.00,8,0.00,0.00,Descent,PHASE=Ballistic descent,ROLL=2.0,PITCH=0.0,YAW=0.0
2026 IN-SPACe-PVC,127.65,490,678.59,101325.00,25.00,7.40,0,0.000000,0.000000,0.00,8,0.00,0.00,Descent,PHASE=Ballistic descent,ROLL=2.0,PITCH=0.0,YAW=0.0
2026 IN-SPACe-PVC,127.91,491,677.74,101325.00,25.00,7.40,0,0.000000,0.000000,0.00,8,0.00,0.00,Descent,PHASE=Ballistic descent,ROLL=2.0,PITCH=0.0,YAW=0.0
2026 IN-SPACe-PVC,128.17,492,676.89,101325.00,25.00,7.40,0,0.000000,0.000000,0.00,8,0.00,0.00,Descent,PHASE=Ballistic descent,ROLL=2.0,PITCH=0.0,YAW=0.0
2026 IN-SPACe-PVC,128.43,493,675.89,101325.00,25.00,7.40,0,0.000000,0.000000,0.00,8,0.00,0.00,Descent,PHASE=Ballistic descent,ROLL=2.0,PITCH=0.0,YAW=0.0
2026 IN-SPACe-PVC,128.69,494,674.95,101325.00,25.00,7.40,0,0.000000,0.000000,0.00,8,0.00,0.00,Descent,PHASE=Ballistic descent,ROLL=2.0,PITCH=0.0,YAW=0.0
2026 IN-SPACe-PVC,128.95,495,674.08,101325.00,25.00,7.40,0,0.000000,0.000000,0.00,8,0.00,0.00,Descent,PHASE=Ballistic descent,ROLL=2.0,PITCH=0.0,YAW=0.0
2026 IN-SPACe-PVC,129.21,496,673.18,101325.00,25.00,7.40,0,0.000000,0.000000,0.00,8,0.00,0.00,Descent,PHASE=Ballistic descent,ROLL=2.0,PITCH=0.0,YAW=0.0
2026 IN-SPACe-PVC,129.47,497,672.31,101325.00,25.00,7.40,0,0.000000,0.000000,0.00,8,0.00,0.00,Descent,PHASE=Ballistic descent,ROLL=2.0,PITCH=0.0,YAW=0.0
2026 IN-SPACe-PVC,129.73,498,671.34,101325.00,25.00,7.40,0,0.000000,0.000000,0.00,8,0.00,0.00,Descent,PHASE=Ballistic descent,ROLL=2.0,PITCH=0.0,YAW=0.0
2026 IN-SPACe-PVC,129.99,499,670.51,101325.00,25.00,7.40,0,0.000000,0.000000,0.00,8,0.00,0.00,Descent,PHASE=Ballistic descent,ROLL=2.0,PITCH=0.0,YAW=0.0
2026 IN-SPACe-PVC,130.25,500,669.46,101325.00,25.00,7.40,0,0.000000,0.000000,0.00,8,0.00,0.00,Descent,PHASE=Ballistic descent,ROLL=2.0,PITCH=0.0,YAW=0.0
2026 IN-SPACe-PVC,130.51,501,668.55,101325.00,25.00,7.40,0,0.000000,0.000000,0.00,8,0.00,0.00,Descent,PHASE=Ballistic descent,ROLL=2.0,PITCH=0.0,YAW=0.0
2026 IN-SPACe-PVC,130.77,502,667.73,101325.00,25.00,7.40,0,0.000000,0.000000,0.00,8,0.00,0.00,Descent,PHASE=Ballistic descent,ROLL=2.0,PITCH=0.0,YAW=0.0
2026 IN-SPACe-PVC,131.03,503,666.84,101325.00,25.00,7.40,0,0.000000,0.000000,0.00,8,0.00,0.00,Descent,PHASE=Ballistic descent,ROLL=2.0,PITCH=0.0,YAW=0.0
2026 IN-SPACe-PVC,131.29,504,665.95,101325.00,25.00,7.40,0,0.000000,0.000000,0.00,8,0.00,0.00,Descent,PHASE=Ballistic descent,ROLL=2.0,PITCH=0.0,YAW=0.0
2026 IN-SPACe-PVC,131.55,505,664.97,101325.00,25.00,7.40,0,0.000000,0.000000,0.00,8,0.00,0.00,Descent,PHASE=Ballistic descent,ROLL=2.0,PITCH=0.0,YAW=0.0
2026 IN-SPACe-PVC,131.81,506,664.05,101325.00,25.00,7.40,0,0.000000,0.000000,0.00,8,0.00,0.00,Descent,PHASE=Ballistic descent,ROLL=2.0,PITCH=0.0,YAW=0.0
2026 IN-SPACe-PVC,132.07,507,663.17,101325.00,25.00,7.40,0,0.000000,0.000000,0.00,8,0.00,0.00,Descent,PHASE=Ballistic descent,ROLL=2.0,PITCH=0.0,YAW=0.0
2026 IN-SPACe-PVC,132.33,508,662.21,101325.00,25.00,7.40,0,0.000000,0.000000,0.00,8,0.00,0.00,Descent,PHASE=Ballistic descent,ROLL=2.0,PITCH=0.0,YAW=0.0
2026 IN-SPACe-PVC,132.59,509,661.41,101325.00,25.00,7.40,0,0.000000,0.000000,0.00,8,0.00,0.00,Descent,PHASE=Ballistic descent,ROLL=2.0,PITCH=0.0,YAW=0.0
2026 IN-SPACe-PVC,132.85,510,660.49,101325.00,25.00,7.40,0,0.000000,0.000000,0.00,8,0.00,0.00,Descent,PHASE=Ballistic descent,ROLL=2.0,PITCH=0.0,YAW=0.0
2026 IN-SPACe-PVC,133.11,511,659.52,101325.00,25.00,7.40,0,0.000000,0.000000,0.00,8,0.00,0.00,Descent,PHASE=Ballistic descent,ROLL=2.0,PITCH=0.0,YAW=0.0
2026 IN-SPACe-PVC,133.37,512,658.71,101325.00,25.00,7.40,0,0.000000,0.000000,0.00,8,0.00,0.00,Descent,PHASE=Ballistic descent,ROLL=2.0,PITCH=0.0,YAW=0.0
2026 IN-SPACe-PVC,133.63,513,657.65,101325.00,25.00,7.40,0,0.000000,0.000000,0.00,8,0.00,0.00,Descent,PHASE=Ballistic descent,ROLL=2.0,PITCH=0.0,YAW=0.0
2026 IN-SPACe-PVC,133.89,514,656.87,101325.00,25.00,7.40,0,0.000000,0.000000,0.00,8,0.00,0.00,Descent,PHASE=Ballistic descent,ROLL=2.0,PITCH=0.0,YAW=0.0
2026 IN-SPACe-PVC,134.15,515,655.87,101325.00,25.00,7.40,0,0.000000,0.000000,0.00,8,0.00,0.00,Descent,PHASE=Ballistic descent,ROLL=2.0,PITCH=0.0,YAW=0.0
2026 IN-SPACe-PVC,134.41,516,654.98,101325.00,25.00,7.40,0,0.000000,0.000000,0.00,8,0.00,0.00,Descent,PHASE=Ballistic descent,ROLL=2.0,PITCH=0.0,YAW=0.0
2026 IN-SPACe-PVC,134.67,517,654.08,101325.00,25.00,7.40,0,0.000000,0.000000,0.00,8,0.00,0.00,Descent,PHASE=Ballistic descent,ROLL=2.0,PITCH=0.0,YAW=0.0
2026 IN-SPACe-PVC,134.93,518,653.19,101325.00,25.00,7.40,0,0.000000,0.000000,0.00,8,0.00,0.00,Descent,PHASE=Ballistic descent,ROLL=2.0,PITCH=0.0,YAW=0.0
2026 IN-SPACe-PVC,135.19,519,652.18,101325.00,25.00,7.40,0,0.000000,0.000000,0.00,8,0.00,0.00,Descent,PHASE=Ballistic descent,ROLL=2.0,PITCH=0.0,YAW=0.0
2026 IN-SPACe-PVC,135.45,520,651.38,101325.00,25.00,7.40,0,0.000000,0.000000,0.00,8,0.00,0.00,Descent,PHASE=Ballistic descent,ROLL=2.0,PITCH=0.0,YAW=0.0
2026 IN-SPACe-PVC,135.71,521,650.45,101325.00,25.00,7.40,0,0.000000,0.000000,0.00,8,0.00,0.00,Descent,PHASE=Ballistic descent,ROLL=2.0,PITCH=0.0,YAW=0.0
2026 IN-SPACe-PVC,135.97,522,649.53,101325.00,25.00,7.40,0,0.000000,0.000000,0.00,8,0.00,0.00,Descent,PHASE=Ballistic descent,ROLL=2.0,PITCH=0.0,YAW=0.0
2026 IN-SPACe-PVC,136.23,523,648.56,101325.00,25.00,7.40,0,0.000000,0.000000,0.00,8,0.00,0.00,Descent,PHASE=Ballistic descent,ROLL=2.0,PITCH=0.0,YAW=0.0
2026 IN-SPACe-PVC,136.49,524,647.66,101325.00,25.00,7.40,0,0.000000,0.000000,0.00,8,0.00,0.00,Descent,PHASE=Ballistic descent,ROLL=2.0,PITCH=0.0,YAW=0.0
2026 IN-SPACe-PVC,136.75,525,646.71,101325.00,25.00,7.40,0,0.000000,0.000000,0.00,8,0.00,0.00,Descent,PHASE=Ballistic descent,ROLL=2.0,PITCH=0.0,YAW=0.0
2026 IN-SPACe-PVC,137.01,526,645.79,101325.00,25.00,7.40,0,0.000000,0.000000,0.00,8,0.00,0.00,Descent,PHASE=Ballistic descent,ROLL=2.0,PITCH=0.0,YAW=0.0
2026 IN-SPACe-PVC,137.27,527,645.00,101325.00,25.00,7.40,0,0.000000,0.000000,0.00,8,0.00,0.00,Descent,PHASE=Ballistic descent,ROLL=2.0,PITCH=0.0,YAW=0.0
2026 IN-SPACe-PVC,137.53,528,644.00,101325.00,25.00,7.40,0,0.000000,0.000000,0.00,8,0.00,0.00,Descent,PHASE=Ballistic descent,ROLL=2.0,PITCH=0.0,YAW=0.0
2026 IN-SPACe-PVC,137.79,529,643.14,101325.00,25.00,7.40,0,0.000000,0.000000,0.00,8,0.00,0.00,Descent,PHASE=Ballistic descent,ROLL=2.0,PITCH=0.0,YAW=0.0
2026 IN-SPACe-PVC,138.05,530,642.17,101325.00,25.00,7.40,0,0.000000,0.000000,0.00,8,0.00,0.00,Descent,PHASE=Ballistic descent,ROLL=2.0,PITCH=0.0,YAW=0.0
2026 IN-SPACe-PVC,138.31,531,641.37,101325.00,25.00,7.40,0,0.000000,0.000000,0.00,8,0.00,0.00,Descent,PHASE=Ballistic descent,ROLL=2.0,PITCH=0.0,YAW=0.0
2026 IN-SPACe-PVC,138.57,532,640.42,101325.00,25.00,7.40,0,0.000000,0.000000,0.00,8,0.00,0.00,Descent,PHASE=Ballistic descent,ROLL=2.0,PITCH=0.0,YAW=0.0
2026 IN-SPACe-PVC,138.83,533,639.45,101325.00,25.00,7.40,0,0.000000,0.000000,0.00,8,0.00,0.00,Descent,PHASE=Ballistic descent,ROLL=2.0,PITCH=0.0,YAW=0.0
2026 IN-SPACe-PVC,139.09,534,638.50,101325.00,25.00,7.40,0,0.000000,0.000000,0.00,8,0.00,0.00,Descent,PHASE=Ballistic descent,ROLL=2.0,PITCH=0.0,YAW=0.0
2026 IN-SPACe-PVC,139.35,535,637.74,101325.00,25.00,7.40,0,0.000000,0.000000,0.00,8,0.00,0.00,Descent,PHASE=Ballistic descent,ROLL=2.0,PITCH=0.0,YAW=0.0
2026 IN-SPACe-PVC,139.61,536,636.76,101325.00,25.00,7.40,0,0.000000,0.000000,0.00,8,0.00,0.00,Descent,PHASE=Ballistic descent,ROLL=2.0,PITCH=0.0,YAW=0.0
2026 IN-SPACe-PVC,139.87,537,635.80,101325.00,25.00,7.40,0,0.000000,0.000000,0.00,8,0.00,0.00,Descent,PHASE=Ballistic descent,ROLL=2.0,PITCH=0.0,YAW=0.0
2026 IN-SPACe-PVC,140.13,538,634.94,101325.00,25.00,7.40,0,0.000000,0.000000,0.00,8,0.00,0.00,Descent,PHASE=Ballistic descent,ROLL=2.0,PITCH=0.0,YAW=0.0
2026 IN-SPACe-PVC,140.39,539,634.04,101325.00,25.00,7.40,0,0.000000,0.000000,0.00,8,0.00,0.00,Descent,PHASE=Ballistic descent,ROLL=2.0,PITCH=0.0,YAW=0.0
2026 IN-SPACe-PVC,140.65,540,633.11,101325.00,25.00,7.40,0,0.000000,0.000000,0.00,8,0.00,0.00,Descent,PHASE=Ballistic descent,ROLL=2.0,PITCH=0.0,YAW=0.0
2026 IN-SPACe-PVC,140.91,541,632.16,101325.00,25.00,7.40,0,0.000000,0.000000,0.00,8,0.00,0.00,Descent,PHASE=Ballistic descent,ROLL=2.0,PITCH=0.0,YAW=0.0
2026 IN-SPACe-PVC,141.17,542,631.31,101325.00,25.00,7.40,0,0.000000,0.000000,0.00,8,0.00,0.00,Descent,PHASE=Ballistic descent,ROLL=2.0,PITCH=0.0,YAW=0.0
2026 IN-SPACe-PVC,141.43,543,630.36,101325.00,25.00,7.40,0,0.000000,0.000000,0.00,8,0.00,0.00,Descent,PHASE=Ballistic descent,ROLL=2.0,PITCH=0.0,YAW=0.0
2026 IN-SPACe-PVC,141.69,544,629.46,101325.00,25.00,7.40,0,0.000000,0.000000,0.00,8,0.00,0.00,Descent,PHASE=Ballistic descent,ROLL=2.0,PITCH=0.0,YAW=0.0
2026 IN-SPACe-PVC,141.95,545,628.56,101325.00,25.00,7.40,0,0.000000,0.000000,0.00,8,0.00,0.00,Descent,PHASE=Ballistic descent,ROLL=2.0,PITCH=0.0,YAW=0.0
2026 IN-SPACe-PVC,142.21,546,627.70,101325.00,25.00,7.40,0,0.000000,0.000000,0.00,8,0.00,0.00,Descent,PHASE=Ballistic descent,ROLL=2.0,PITCH=0.0,YAW=0.0
2026 IN-SPACe-PVC,142.47,547,626.81,101325.00,25.00,7.40,0,0.000000,0.000000,0.00,8,0.00,0.00,Descent,PHASE=Ballistic descent,ROLL=2.0,PITCH=0.0,YAW=0.0
2026 IN-SPACe-PVC,142.73,548,625.89,101325.00,25.00,7.40,0,0.000000,0.000000,0.00,8,0.00,0.00,Descent,PHASE=Ballistic descent,ROLL=2.0,PITCH=0.0,YAW=0.0
2026 IN-SPACe-PVC,142.99,549,624.96,101325.00,25.00,7.40,0,0.000000,0.000000,0.00,8,0.00,0.00,Descent,PHASE=Ballistic descent,ROLL=2.0,PITCH=0.0,YAW=0.0
2026 IN-SPACe-PVC,143.25,550,623.98,101325.00,25.00,7.40,0,0.000000,0.000000,0.00,8,0.00,0.00,Descent,PHASE=Ballistic descent,ROLL=2.0,PITCH=0.0,YAW=0.0
2026 IN-SPACe-PVC,143.51,551,623.11,101325.00,25.00,7.40,0,0.000000,0.000000,0.00,8,0.00,0.00,Descent,PHASE=Ballistic descent,ROLL=2.0,PITCH=0.0,YAW=0.0
2026 IN-SPACe-PVC,143.77,552,622.25,101325.00,25.00,7.40,0,0.000000,0.000000,0.00,8,0.00,0.00,Descent,PHASE=Ballistic descent,ROLL=2.0,PITCH=0.0,YAW=0.0
2026 IN-SPACe-PVC,144.03,553,621.29,101325.00,25.00,7.40,0,0.000000,0.000000,0.00,8,0.00,0.00,Descent,PHASE=Ballistic descent,ROLL=2.0,PITCH=0.0,YAW=0.0
2026 IN-SPACe-PVC,144.29,554,620.35,101325.00,25.00,7.40,0,0.000000,0.000000,0.00,8,0.00,0.00,Descent,PHASE=Ballistic descent,ROLL=2.0,PITCH=0.0,YAW=0.0
2026 IN-SPACe-PVC,144.55,555,619.56,101325.00,25.00,7.40,0,0.000000,0.000000,0.00,8,0.00,0.00,Descent,PHASE=Ballistic descent,ROLL=2.0,PITCH=0.0,YAW=0.0
2026 IN-SPACe-PVC,144.81,556,618.58,101325.00,25.00,7.40,0,0.000000,0.000000,0.00,8,0.00,0.00,Descent,PHASE=Ballistic descent,ROLL=2.0,PITCH=0.0,YAW=0.0
2026 IN-SPACe-PVC,145.07,557,617.69,101325.00,25.00,7.40,0,0.000000,0.000000,0.00,8,0.00,0.00,Descent,PHASE=Ballistic descent,ROLL=2.0,PITCH=0.0,YAW=0.0
2026 IN-SPACe-PVC,145.33,558,616.73,101325.00,25.00,7.40,0,0.000000,0.000000,0.00,8,0.00,0.00,Descent,PHASE=Ballistic descent,ROLL=2.0,PITCH=0.0,YAW=0.0
2026 IN-SPACe-PVC,145.59,559,615.87,101325.00,25.00,7.40,0,0.000000,0.000000,0.00,8,0.00,0.00,Descent,PHASE=Ballistic descent,ROLL=2.0,PITCH=0.0,YAW=0.0
2026 IN-SPACe-PVC,145.85,560,614.91,101325.00,25.00,7.40,0,0.000000,0.000000,0.00,8,0.00,0.00,Descent,PHASE=Ballistic descent,ROLL=2.0,PITCH=0.0,YAW=0.0
2026 IN-SPACe-PVC,146.11,561,613.98,101325.00,25.00,7.40,0,0.000000,0.000000,0.00,8,0.00,0.00,Descent,PHASE=Ballistic descent,ROLL=2.0,PITCH=0.0,YAW=0.0
2026 IN-SPACe-PVC,146.37,562,613.10,101325.00,25.00,7.40,0,0.000000,0.000000,0.00,8,0.00,0.00,Descent,PHASE=Ballistic descent,ROLL=2.0,PITCH=0.0,YAW=0.0
2026 IN-SPACe-PVC,146.63,563,612.18,101325.00,25.00,7.40,0,0.000000,0.000000,0.00,8,0.00,0.00,Descent,PHASE=Ballistic descent,ROLL=2.0,PITCH=0.0,YAW=0.0
2026 IN-SPACe-PVC,146.89,564,611.21,101325.00,25.00,7.40,0,0.000000,0.000000,0.00,8,0.00,0.00,Descent,PHASE=Ballistic descent,ROLL=2.0,PITCH=0.0,YAW=0.0
2026 IN-SPACe-PVC,147.15,565,610.44,101325.00,25.00,7.40,0,0.000000,0.000000,0.00,8,0.00,0.00,Descent,PHASE=Ballistic descent,ROLL=2.0,PITCH=0.0,YAW=0.0
2026 IN-SPACe-PVC,147.41,566,609.46,101325.00,25.00,7.40,0,0.000000,0.000000,0.00,8,0.00,0.00,Descent,PHASE=Ballistic descent,ROLL=2.0,PITCH=0.0,YAW=0.0
2026 IN-SPACe-PVC,147.67,567,608.56,101325.00,25.00,7.40,0,0.000000,0.000000,0.00,8,0.00,0.00,Descent,PHASE=Ballistic descent,ROLL=2.0,PITCH=0.0,YAW=0.0
2026 IN-SPACe-PVC,147.93,568,607.65,101325.00,25.00,7.40,0,0.000000,0.000000,0.00,8,0.00,0.00,Descent,PHASE=Ballistic descent,ROLL=2.0,PITCH=0.0,YAW=0.0
2026 IN-SPACe-PVC,148.19,569,606.70,101325.00,25.00,7.40,0,0.000000,0.000000,0.00,8,0.00,0.00,Descent,PHASE=Ballistic descent,ROLL=2.0,PITCH=0.0,YAW=0.0
2026 IN-SPACe-PVC,148.45,570,605.81,101325.00,25.00,7.40,0,0.000000,0.000000,0.00,8,0.00,0.00,Descent,PHASE=Ballistic descent,ROLL=2.0,PITCH=0.0,YAW=0.0
2026 IN-SPACe-PVC,148.71,571,604.87,101325.00,25.00,7.40,0,0.000000,0.000000,0.00,8,0.00,0.00,Descent,PHASE=Ballistic descent,ROLL=2.0,PITCH=0.0,YAW=0.0
2026 IN-SPACe-PVC,148.98,572,604.05,101325.00,25.00,7.40,0,0.000000,0.000000,0.00,8,0.00,0.00,Descent,PHASE=Ballistic descent,ROLL=2.0,PITCH=0.0,YAW=0.0
2026 IN-SPACe-PVC,149.24,573,603.16,101325.00,25.00,7.40,0,0.000000,0.000000,0.00,8,0.00,0.00,Descent,PHASE=Ballistic descent,ROLL=2.0,PITCH=0.0,YAW=0.0
2026 IN-SPACe-PVC,149.50,574,602.18,101325.00,25.00,7.40,0,0.000000,0.000000,0.00,8,0.00,0.00,Descent,PHASE=Ballistic descent,ROLL=2.0,PITCH=0.0,YAW=0.0
2026 IN-SPACe-PVC,149.76,575,601.26,101325.00,25.00,7.40,0,0.000000,0.000000,0.00,8,0.00,0.00,Descent,PHASE=Ballistic descent,ROLL=2.0,PITCH=0.0,YAW=0.0
2026 IN-SPACe-PVC,150.02,576,600.35,101325.00,25.00,7.40,0,0.000000,0.000000,0.00,8,0.00,0.00,Descent,PHASE=Ballistic descent,ROLL=2.0,PITCH=0.0,YAW=0.0
2026 IN-SPACe-PVC,150.28,577,599.44,101325.00,25.00,7.40,0,0.000000,0.000000,0.00,8,0.00,0.00,Descent,PHASE=Ballistic descent,ROLL=2.0,PITCH=0.0,YAW=0.0
2026 IN-SPACe-PVC,150.54,578,598.50,101325.00,25.00,7.40,0,0.000000,0.000000,0.00,8,0.00,0.00,Descent,PHASE=Ballistic descent,ROLL=2.0,PITCH=0.0,YAW=0.0
2026 IN-SPACe-PVC,150.80,579,597.65,101325.00,25.00,7.40,0,0.000000,0.000000,0.00,8,0.00,0.00,Descent,PHASE=Ballistic descent,ROLL=2.0,PITCH=0.0,YAW=0.0
2026 IN-SPACe-PVC,151.06,580,596.75,101325.00,25.00,7.40,0,0.000000,0.000000,0.00,8,0.00,0.00,Descent,PHASE=Ballistic descent,ROLL=2.0,PITCH=0.0,YAW=0.0
2026 IN-SPACe-PVC,151.32,581,595.88,101325.00,25.00,7.40,0,0.000000,0.000000,0.00,8,0.00,0.00,Descent,PHASE=Ballistic descent,ROLL=2.0,PITCH=0.0,YAW=0.0
2026 IN-SPACe-PVC,151.58,582,594.81,101325.00,25.00,7.40,0,0.000000,0.000000,0.00,8,0.00,0.00,Descent,PHASE=Ballistic descent,ROLL=2.0,PITCH=0.0,YAW=0.0
2026 IN-SPACe-PVC,151.84,583,594.01,101325.00,25.00,7.40,0,0.000000,0.000000,0.00,8,0.00,0.00,Descent,PHASE=Ballistic descent,ROLL=2.0,PITCH=0.0,YAW=0.0
2026 IN-SPACe-PVC,152.10,584,592.96,101325.00,25.00,7.40,0,0.000000,0.000000,0.00,8,0.00,0.00,Descent,PHASE=Ballistic descent,ROLL=2.0,PITCH=0.0,YAW=0.0
2026 IN-SPACe-PVC,152.36,585,592.16,101325.00,25.00,7.40,0,0.000000,0.000000,0.00,8,0.00,0.00,Descent,PHASE=Ballistic descent,ROLL=2.0,PITCH=0.0,YAW=0.0
2026 IN-SPACe-PVC,152.62,586,591.31,101325.00,25.00,7.40,0,0.000000,0.000000,0.00,8,0.00,0.00,Descent,PHASE=Ballistic descent,ROLL=2.0,PITCH=0.0,YAW=0.0
2026 IN-SPACe-PVC,152.88,587,590.28,101325.00,25.00,7.40,0,0.000000,0.000000,0.00,8,0.00,0.00,Descent,PHASE=Ballistic descent,ROLL=2.0,PITCH=0.0,YAW=0.0
2026 IN-SPACe-PVC,153.14,588,589.36,101325.00,25.00,7.40,0,0.000000,0.000000,0.00,8,0.00,0.00,Descent,PHASE=Ballistic descent,ROLL=2.0,PITCH=0.0,YAW=0.0
2026 IN-SPACe-PVC,153.40,589,588.60,101325.00,25.00,7.40,0,0.000000,0.000000,0.00,8,0.00,0.00,Descent,PHASE=Ballistic descent,ROLL=2.0,PITCH=0.0,YAW=0.0
2026 IN-SPACe-PVC,153.66,590,587.70,101325.00,25.00,7.40,0,0.000000,0.000000,0.00,8,0.00,0.00,Descent,PHASE=Ballistic descent,ROLL=2.0,PITCH=0.0,YAW=0.0
2026 IN-SPACe-PVC,153.92,591,586.72,101325.00,25.00,7.40,0,0.000000,0.000000,0.00,8,0.00,0.00,Descent,PHASE=Ballistic descent,ROLL=2.0,PITCH=0.0,YAW=0.0
2026 IN-SPACe-PVC,154.18,592,585.76,101325.00,25.00,7.40,0,0.000000,0.000000,0.00,8,0.00,0.00,Descent,PHASE=Ballistic descent,ROLL=2.0,PITCH=0.0,YAW=0.0
2026 IN-SPACe-PVC,154.44,593,584.89,101325.00,25.00,7.40,0,0.000000,0.000000,0.00,8,0.00,0.00,Descent,PHASE=Ballistic descent,ROLL=2.0,PITCH=0.0,YAW=0.0
2026 IN-SPACe-PVC,154.70,594,583.93,101325.00,25.00,7.40,0,0.000000,0.000000,0.00,8,0.00,0.00,Descent,PHASE=Ballistic descent,ROLL=2.0,PITCH=0.0,YAW=0.0
2026 IN-SPACe-PVC,154.96,595,583.12,101325.00,25.00,7.40,0,0.000000,0.000000,0.00,8,0.00,0.00,Descent,PHASE=Ballistic descent,ROLL=2.0,PITCH=0.0,YAW=0.0
2026 IN-SPACe-PVC,155.22,596,582.10,101325.00,25.00,7.40,0,0.000000,0.000000,0.00,8,0.00,0.00,Descent,PHASE=Ballistic descent,ROLL=2.0,PITCH=0.0,YAW=0.0
2026 IN-SPACe-PVC,155.48,597,581.24,101325.00,25.00,7.40,0,0.000000,0.000000,0.00,8,0.00,0.00,Descent,PHASE=Ballistic descent,ROLL=2.0,PITCH=0.0,YAW=0.0
2026 IN-SPACe-PVC,155.74,598,580.29,101325.00,25.00,7.40,0,0.000000,0.000000,0.00,8,0.00,0.00,Descent,PHASE=Ballistic descent,ROLL=2.0,PITCH=0.0,YAW=0.0
2026 IN-SPACe-PVC,156.00,599,579.49,101325.00,25.00,7.40,0,0.000000,0.000000,0.00,8,0.00,0.00,Descent,PHASE=Ballistic descent,ROLL=2.0,PITCH=0.0,YAW=0.0
2026 IN-SPACe-PVC,156.26,600,578.53,101325.00,25.00,7.40,0,0.000000,0.000000,0.00,8,0.00,0.00,Descent,PHASE=Ballistic descent,ROLL=2.0,PITCH=0.0,YAW=0.0
2026 IN-SPACe-PVC,156.52,601,577.60,101325.00,25.00,7.40,0,0.000000,0.000000,0.00,8,0.00,0.00,Descent,PHASE=Ballistic descent,ROLL=2.0,PITCH=0.0,YAW=0.0
2026 IN-SPACe-PVC,156.78,602,576.68,101325.00,25.00,7.40,0,0.000000,0.000000,0.00,8,0.00,0.00,Descent,PHASE=Ballistic descent,ROLL=2.0,PITCH=0.0,YAW=0.0
2026 IN-SPACe-PVC,157.04,603,575.74,101325.00,25.00,7.40,0,0.000000,0.000000,0.00,8,0.00,0.00,Descent,PHASE=Ballistic descent,ROLL=2.0,PITCH=0.0,YAW=0.0
2026 IN-SPACe-PVC,157.30,604,574.89,101325.00,25.00,7.40,0,0.000000,0.000000,0.00,8,0.00,0.00,Descent,PHASE=Ballistic descent,ROLL=2.0,PITCH=0.0,YAW=0.0
2026 IN-SPACe-PVC,157.56,605,573.90,101325.00,25.00,7.40,0,0.000000,0.000000,0.00,8,0.00,0.00,Descent,PHASE=Ballistic descent,ROLL=2.0,PITCH=0.0,YAW=0.0
2026 IN-SPACe-PVC,157.82,606,573.05,101325.00,25.00,7.40,0,0.000000,0.000000,0.00,8,0.00,0.00,Descent,PHASE=Ballistic descent,ROLL=2.0,PITCH=0.0,YAW=0.0
2026 IN-SPACe-PVC,158.08,607,572.15,101325.00,25.00,7.40,0,0.000000,0.000000,0.00,8,0.00,0.00,Descent,PHASE=Ballistic descent,ROLL=2.0,PITCH=0.0,YAW=0.0
2026 IN-SPACe-PVC,158.34,608,571.22,101325.00,25.00,7.40,0,0.000000,0.000000,0.00,8,0.00,0.00,Descent,PHASE=Ballistic descent,ROLL=2.0,PITCH=0.0,YAW=0.0
2026 IN-SPACe-PVC,158.60,609,570.31,101325.00,25.00,7.40,0,0.000000,0.000000,0.00,8,0.00,0.00,Descent,PHASE=Ballistic descent,ROLL=2.0,PITCH=0.0,YAW=0.0
2026 IN-SPACe-PVC,158.86,610,569.43,101325.00,25.00,7.40,0,0.000000,0.000000,0.00,8,0.00,0.00,Descent,PHASE=Ballistic descent,ROLL=2.0,PITCH=0.0,YAW=0.0
2026 IN-SPACe-PVC,159.12,611,568.57,101325.00,25.00,7.40,0,0.000000,0.000000,0.00,8,0.00,0.00,Descent,PHASE=Ballistic descent,ROLL=2.0,PITCH=0.0,YAW=0.0
2026 IN-SPACe-PVC,159.38,612,567.60,101325.00,25.00,7.40,0,0.000000,0.000000,0.00,8,0.00,0.00,Descent,PHASE=Ballistic descent,ROLL=2.0,PITCH=0.0,YAW=0.0
2026 IN-SPACe-PVC,159.64,613,566.72,101325.00,25.00,7.40,0,0.000000,0.000000,0.00,8,0.00,0.00,Descent,PHASE=Ballistic descent,ROLL=2.0,PITCH=0.0,YAW=0.0
2026 IN-SPACe-PVC,159.90,614,565.80,101325.00,25.00,7.40,0,0.000000,0.000000,0.00,8,0.00,0.00,Descent,PHASE=Ballistic descent,ROLL=2.0,PITCH=0.0,YAW=0.0
2026 IN-SPACe-PVC,160.16,615,564.93,101325.00,25.00,7.40,0,0.000000,0.000000,0.00,8,0.00,0.00,Descent,PHASE=Ballistic descent,ROLL=2.0,PITCH=0.0,YAW=0.0
2026 IN-SPACe-PVC,160.42,616,563.95,101325.00,25.00,7.40,0,0.000000,0.000000,0.00,8,0.00,0.00,Descent,PHASE=Ballistic descent,ROLL=2.0,PITCH=0.0,YAW=0.0
2026 IN-SPACe-PVC,160.68,617,563.01,101325.00,25.00,7.40,0,0.000000,0.000000,0.00,8,0.00,0.00,Descent,PHASE=Ballistic descent,ROLL=2.0,PITCH=0.0,YAW=0.0
2026 IN-SPACe-PVC,160.94,618,562.18,101325.00,25.00,7.40,0,0.000000,0.000000,0.00,8,0.00,0.00,Descent,PHASE=Ballistic descent,ROLL=2.0,PITCH=0.0,YAW=0.0
2026 IN-SPACe-PVC,161.20,619,561.27,101325.00,25.00,7.40,0,0.000000,0.000000,0.00,8,0.00,0.00,Descent,PHASE=Ballistic descent,ROLL=2.0,PITCH=0.0,YAW=0.0
2026 IN-SPACe-PVC,161.46,620,560.28,101325.00,25.00,7.40,0,0.000000,0.000000,0.00,8,0.00,0.00,Descent,PHASE=Ballistic descent,ROLL=2.0,PITCH=0.0,YAW=0.0
2026 IN-SPACe-PVC,161.72,621,559.39,101325.00,25.00,7.40,0,0.000000,0.000000,0.00,8,0.00,0.00,Descent,PHASE=Ballistic descent,ROLL=2.0,PITCH=0.0,YAW=0.0
2026 IN-SPACe-PVC,161.98,622,558.52,101325.00,25.00,7.40,0,0.000000,0.000000,0.00,8,0.00,0.00,Descent,PHASE=Ballistic descent,ROLL=2.0,PITCH=0.0,YAW=0.0
2026 IN-SPACe-PVC,162.24,623,557.62,101325.00,25.00,7.40,0,0.000000,0.000000,0.00,8,0.00,0.00,Descent,PHASE=Ballistic descent,ROLL=2.0,PITCH=0.0,YAW=0.0
2026 IN-SPACe-PVC,162.50,624,556.59,101325.00,25.00,7.40,0,0.000000,0.000000,0.00,8,0.00,0.00,Descent,PHASE=Ballistic descent,ROLL=2.0,PITCH=0.0,YAW=0.0
2026 IN-SPACe-PVC,162.76,625,555.72,101325.00,25.00,7.40,0,0.000000,0.000000,0.00,8,0.00,0.00,Descent,PHASE=Ballistic descent,ROLL=2.0,PITCH=0.0,YAW=0.0
2026 IN-SPACe-PVC,163.02,626,554.89,101325.00,25.00,7.40,0,0.000000,0.000000,0.00,8,0.00,0.00,Descent,PHASE=Ballistic descent,ROLL=2.0,PITCH=0.0,YAW=0.0
2026 IN-SPACe-PVC,163.28,627,553.95,101325.00,25.00,7.40,0,0.000000,0.000000,0.00,8,0.00,0.00,Descent,PHASE=Ballistic descent,ROLL=2.0,PITCH=0.0,YAW=0.0
2026 IN-SPACe-PVC,163.54,628,552.98,101325.00,25.00,7.40,0,0.000000,0.000000,0.00,8,0.00,0.00,Descent,PHASE=Ballistic descent,ROLL=2.0,PITCH=0.0,YAW=0.0
2026 IN-SPACe-PVC,163.80,629,552.15,101325.00,25.00,7.40,0,0.000000,0.000000,0.00,8,0.00,0.00,Descent,PHASE=Ballistic descent,ROLL=2.0,PITCH=0.0,YAW=0.0
2026 IN-SPACe-PVC,164.06,630,551.14,101325.00,25.00,7.40,0,0.000000,0.000000,0.00,8,0.00,0.00,Descent,PHASE=Ballistic descent,ROLL=2.0,PITCH=0.0,YAW=0.0
2026 IN-SPACe-PVC,164.32,631,550.26,101325.00,25.00,7.40,0,0.000000,0.000000,0.00,8,0.00,0.00,Descent,PHASE=Ballistic descent,ROLL=2.0,PITCH=0.0,YAW=0.0
2026 IN-SPACe-PVC,164.58,632,549.48,101325.00,25.00,7.40,0,0.000000,0.000000,0.00,8,0.00,0.00,Descent,PHASE=Ballistic descent,ROLL=2.0,PITCH=0.0,YAW=0.0
2026 IN-SPACe-PVC,164.84,633,548.52,101325.00,25.00,7.40,0,0.000000,0.000000,0.00,8,0.00,0.00,Descent,PHASE=Ballistic descent,ROLL=2.0,PITCH=0.0,YAW=0.0
2026 IN-SPACe-PVC,165.10,634,547.63,101325.00,25.00,7.40,0,0.000000,0.000000,0.00,8,0.00,0.00,Descent,PHASE=Ballistic descent,ROLL=2.0,PITCH=0.0,YAW=0.0
2026 IN-SPACe-PVC,165.36,635,546.74,101325.00,25.00,7.40,0,0.000000,0.000000,0.00,8,0.00,0.00,Descent,PHASE=Ballistic descent,ROLL=2.0,PITCH=0.0,YAW=0.0
2026 IN-SPACe-PVC,165.62,636,545.70,101325.00,25.00,7.40,0,0.000000,0.000000,0.00,8,0.00,0.00,Descent,PHASE=Ballistic descent,ROLL=2.0,PITCH=0.0,YAW=0.0
2026 IN-SPACe-PVC,165.88,637,544.78,101325.00,25.00,7.40,0,0.000000,0.000000,0.00,8,0.00,0.00,Descent,PHASE=Ballistic descent,ROLL=2.0,PITCH=0.0,YAW=0.0
2026 IN-SPACe-PVC,166.14,638,543.88,101325.00,25.00,7.40,0,0.000000,0.000000,0.00,8,0.00,0.00,Descent,PHASE=Ballistic descent,ROLL=2.0,PITCH=0.0,YAW=0.0
2026 IN-SPACe-PVC,165.38,635,-0.03,101325.00,25.00,7.40,0,0.000000,0.000000,0.00,8,0.00,0.00,Descent,PHASE=Grounded,ROLL=2.0,PITCH=0.0,YAW=0.0
2026 IN-SPACe-PVC,165.64,636,-0.01,101325.00,25.00,7.40,0,0.000000,0.000000,0.00,8,0.00,0.00,Descent,PHASE=Grounded,ROLL=2.0,PITCH=0.0,YAW=0.0
2026 IN-SPACe-PVC,165.90,637,-0.05,101325.00,25.00,7.40,0,0.000000,0.000000,0.00,8,0.00,0.00,Descent,PHASE=Grounded,ROLL=2.0,PITCH=0.0,YAW=0.0
2026 IN-SPACe-PVC,166.16,638,0.04,101325.00,25.00,7.40,0,0.000000,0.000000,0.00,8,0.00,0.00,Descent,PHASE=Grounded,ROLL=2.0,PITCH=0.0,YAW=0.0
2026 IN-SPACe-PVC,166.42,639,-0.03,101325.00,25.00,7.40,0,0.000000,0.000000,0.00,8,0.00,0.00,Descent,PHASE=Grounded,ROLL=2.0,PITCH=0.0,YAW=0.0
2026 IN-SPACe-PVC,166.68,640,0.02,101325.00,25.00,7.40,0,0.000000,0.000000,0.00,8,0.00,0.00,Descent,PHASE=Grounded,ROLL=2.0,PITCH=0.0,YAW=0.0
2026 IN-SPACe-PVC,166.94,641,0.01,101325.00,25.00,7.40,0,0.000000,0.000000,0.00,8,0.00,0.00,Descent,PHASE=Grounded,ROLL=2.0,PITCH=0.0,YAW=0.0
2026 IN-SPACe-PVC,167.20,642,0.01,101325.00,25.00,7.40,0,0.000000,0.000000,0.00,8,0.00,0.00,Descent,PHASE=Grounded,ROLL=2.0,PITCH=0.0,YAW=0.0
2026 IN-SPACe-PVC,167.46,643,-0.02,101325.00,25.00,7.40,0,0.000000,0.000000,0.00,8,0.00,0.00,Descent,PHASE=Grounded,ROLL=2.0,PITCH=0.0,YAW=0.0
2026 IN-SPACe-PVC,167.72,644,-0.02,101325.00,25.00,7.40,0,0.000000,0.000000,0.00,8,0.00,0.00,Descent,PHASE=Grounded,ROLL=2.0,PITCH=0.0,YAW=0.0
2026 IN-SPACe-PVC,167.98,645,0.03,101325.00,25.00,7.40,0,0.000000,0.000000,0.00,8,0.00,0.00,Descent,PHASE=Grounded,ROLL=2.0,PITCH=0.0,YAW=0.0
2026 IN-SPACe-PVC,168.24,646,-0.03,101325.00,25.00,7.40,0,0.000000,0.000000,0.00,8,0.00,0.00,Descent,PHASE=Grounded,ROLL=2.0,PITCH=0.0,YAW=0.0
2026 IN-SPACe-PVC,168.50,647,0.02,101325.00,25.00,7.40,0,0.000000,0.000000,0.00,8,0.00,0.00,Descent,PHASE=Grounded,ROLL=2.0,PITCH=0.0,YAW=0.0
2026 IN-SPACe-PVC,168.76,648,-0.03,101325.00,25.00,7.40,0,0.000000,0.000000,0.00,8,0.00,0.00,Descent,PHASE=Grounded,ROLL=2.0,PITCH=0.0,YAW=0.0
2026 IN-SPACe-PVC,169.02,649,0.00,101325.00,25.00,7.40,0,0.000000,0.000000,0.00,8,0.00,0.00,Descent,PHASE=Grounded,ROLL=2.0,PITCH=0.0,YAW=0.0
2026 IN-SPACe-PVC,169.28,650,-0.02,101325.00,25.00,7.40,0,0.000000,0.000000,0.00,8,0.00,0.00,Descent,PHASE=Grounded,ROLL=2.0,PITCH=0.0,YAW=0.0
2026 IN-SPACe-PVC,169.54,651,-0.11,101325.00,25.00,7.40,0,0.000000,0.000000,0.00,8,0.00,0.00,Descent,PHASE=Grounded,ROLL=2.0,PITCH=0.0,YAW=0.0
2026 IN-SPACe-PVC,169.80,652,-0.01,101325.00,25.00,7.40,0,0.000000,0.000000,0.00,8,0.00,0.00,Descent,PHASE=Grounded,ROLL=2.0,PITCH=0.0,YAW=0.0
2026 IN-SPACe-PVC,170.06,653,0.05,101325.00,25.00,7.40,0,0.000000,0.000000,0.00,8,0.00,0.00,Descent,PHASE=Grounded,ROLL=2.0,PITCH=0.0,YAW=0.0
2026 IN-SPACe-PVC,170.32,654,0.08,101325.00,25.00,7.40,0,0.000000,0.000000,0.00,8,0.00,0.00,Descent,PHASE=Grounded,ROLL=2.0,PITCH=0.0,YAW=0.0
2026 IN-SPACe-PVC,170.58,655,-0.04,101325.00,25.00,7.40,0,0.000000,0.000000,0.00,8,0.00,0.00,Descent,PHASE=Grounded,ROLL=2.0,PITCH=0.0,YAW=0.0
2026 IN-SPACe-PVC,170.84,656,-0.05,101325.00,25.00,7.40,0,0.000000,0.000000,0.00,8,0.00,0.00,Descent,PHASE=Grounded,ROLL=2.0,PITCH=0.0,YAW=0.0
2026 IN-SPACe-PVC,171.10,657,0.03,101325.00,25.00,7.40,0,0.000000,0.000000,0.00,8,0.00,0.00,Descent,PHASE=Grounded,ROLL=2.0,PITCH=0.0,YAW=0.0
2026 IN-SPACe-PVC,171.36,658,0.05,101325.00,25.00,7.40,0,0.000000,0.000000,0.00,8,0.00,0.00,Descent,PHASE=Grounded,ROLL=2.0,PITCH=0.0,YAW=0.0
2026 IN-SPACe-PVC,171.62,659,-0.07,101325.00,25.00,7.40,0,0.000000,0.000000,0.00,8,0.00,0.00,Descent,PHASE=Grounded,ROLL=2.0,PITCH=0.0,YAW=0.0
2026 IN-SPACe-PVC,171.88,660,0.09,101325.00,25.00,7.40,0,0.000000,0.000000,0.00,8,0.00,0.00,Descent,PHASE=Grounded,ROLL=2.0,PITCH=0.0,YAW=0.0
2026 IN-SPACe-PVC,172.14,661,0.03,101325.00,25.00,7.40,0,0.000000,0.000000,0.00,8,0.00,0.00,Descent,PHASE=Grounded,ROLL=2.0,PITCH=0.0,YAW=0.0
2026 IN-SPACe-PVC,172.40,662,0.07,101325.00,25.00,7.40,0,0.000000,0.000000,0.00,8,0.00,0.00,Descent,PHASE=Grounded,ROLL=2.0,PITCH=0.0,YAW=0.0
2026 IN-SPACe-PVC,172.66,663,-0.00,101325.00,25.00,7.40,0,0.000000,0.000000,0.00,8,0.00,0.00,Descent,PHASE=Grounded,ROLL=2.0,PITCH=0.0,YAW=0.0
2026 IN-SPACe-PVC,172.92,664,-0.05,101325.00,25.00,7.40,0,0.000000,0.000000,0.00,8,0.00,0.00,Descent,PHASE=Grounded,ROLL=2.0,PITCH=0.0,YAW=0.0
2026 IN-SPACe-PVC,173.18,665,-0.03,101325.00,25.00,7.40,0,0.000000,0.000000,0.00,8,0.00,0.00,Descent,PHASE=Grounded,ROLL=2.0,PITCH=0.0,YAW=0.0
2026 IN-SPACe-PVC,173.44,666,0.02,101325.00,25.00,7.40,0,0.000000,0.000000,0.00,8,0.00,0.00,Descent,PHASE=Grounded,ROLL=2.0,PITCH=0.0,YAW=0.0
2026 IN-SPACe-PVC,173.70,667,0.04,101325.00,25.00,7.40,0,0.000000,0.000000,0.00,8,0.00,0.00,Descent,PHASE=Grounded,ROLL=2.0,PITCH=0.0,YAW=0.0
2026 IN-SPACe-PVC,173.96,668,0.08,101325.00,25.00,7.40,0,0.000000,0.000000,0.00,8,0.00,0.00,Descent,PHASE=Grounded,ROLL=2.0,PITCH=0.0,YAW=0.0
2026 IN-SPACe-PVC,174.22,669,0.06,101325.00,25.00,7.40,0,0.000000,0.000000,0.00,8,0.00,0.00,Descent,PHASE=Grounded,ROLL=2.0,PITCH=0.0,YAW=0.0
2026 IN-SPACe-PVC,174.48,670,0.01,101325.00,25.00,7.40,0,0.000000,0.000000,0.00,8,0.00,0.00,Descent,PHASE=Grounded,ROLL=2.0,PITCH=0.0,YAW=0.0
2026 IN-SPACe-PVC,174.74,671,-0.04,101325.00,25.00,7.40,0,0.000000,0.000000,0.00,8,0.00,0.00,Descent,PHASE=Grounded,ROLL=2.0,PITCH=0.0,YAW=0.0
2026 IN-SPACe-PVC,175.00,672,-0.04,101325.00,25.00,7.40,0,0.000000,0.000000,0.00,8,0.00,0.00,Descent,PHASE=Grounded,ROLL=2.0,PITCH=0.0,YAW=0.0
2026 IN-SPACe-PVC,175.26,673,-0.01,101325.00,25.00,7.40,0,0.000000,0.000000,0.00,8,0.00,0.00,Descent,PHASE=Grounded,ROLL=2.0,PITCH=0.0,YAW=0.0
2026 IN-SPACe-PVC,175.52,674,-0.11,101325.00,25.00,7.40,0,0.000000,0.000000,0.00,8,0.00,0.00,Descent,PHASE=Grounded,ROLL=2.0,PITCH=0.0,YAW=0.0
2026 IN-SPACe-PVC,175.78,675,-0.11,101325.00,25.00,7.40,0,0.000000,0.000000,0.00,8,0.00,0.00,Descent,PHASE=Grounded,ROLL=2.0,PITCH=0.0,YAW=0.0
2026 IN-SPACe-PVC,176.04,676,0.02,101325.00,25.00,7.40,0,0.000000,0.000000,0.00,8,0.00,0.00,Descent,PHASE=Grounded,ROLL=2.0,PITCH=0.0,YAW=0.0
2026 IN-SPACe-PVC,176.30,677,-0.07,101325.00,25.00,7.40,0,0.000000,0.000000,0.00,8,0.00,0.00,Descent,PHASE=Grounded,ROLL=2.0,PITCH=0.0,YAW=0.0
2026 IN-SPACe-PVC,176.56,678,0.06,101325.00,25.00,7.40,0,0.000000,0.000000,0.00,8,0.00,0.00,Descent,PHASE=Grounded,ROLL=2.0,PITCH=0.0,YAW=0.0
2026 IN-SPACe-PVC,176.82,679,0.08,101325.00,25.00,7.40,0,0.000000,0.000000,0.00,8,0.00,0.00,Descent,PHASE=Grounded,ROLL=2.0,PITCH=0.0,YAW=0.0
2026 IN-SPACe-PVC,177.08,680,-0.04,101325.00,25.00,7.40,0,0.000000,0.000000,0.00,8,0.00,0.00,Descent,PHASE=Grounded,ROLL=2.0,PITCH=0.0,YAW=0.0
2026 IN-SPACe-PVC,177.34,681,-0.05,101325.00,25.00,7.40,0,0.000000,0.000000,0.00,8,0.00,0.00,Descent,PHASE=Grounded,ROLL=2.0,PITCH=0.0,YAW=0.0
2026 IN-SPACe-PVC,177.60,682,0.05,101325.00,25.00,7.40,0,0.000000,0.000000,0.00,8,0.00,0.00,Descent,PHASE=Grounded,ROLL=2.0,PITCH=0.0,YAW=0.0
2026 IN-SPACe-PVC,177.86,683,0.01,101325.00,25.00,7.40,0,0.000000,0.000000,0.00,8,0.00,0.00,Descent,PHASE=Grounded,ROLL=2.0,PITCH=0.0,YAW=0.0
2026 IN-SPACe-PVC,178.12,684,-0.03,101325.00,25.00,7.40,0,0.000000,0.000000,0.00,8,0.00,0.00,Descent,PHASE=Grounded,ROLL=2.0,PITCH=0.0,YAW=0.0
2026 IN-SPACe-PVC,178.38,685,0.01,101325.00,25.00,7.40,0,0.000000,0.000000,0.00,8,0.00,0.00,Descent,PHASE=Grounded,ROLL=2.0,PITCH=0.0,YAW=0.0
2026 IN-SPACe-PVC,178.64,686,-0.01,101325.00,25.00,7.40,0,0.000000,0.000000,0.00,8,0.00,0.00,Descent,PHASE=Grounded,ROLL=2.0,PITCH=0.0,YAW=0.0
2026 IN-SPACe-PVC,178.90,687,0.08,101325.00,25.00,7.40,0,0.000000,0.000000,0.00,8,0.00,0.00,Descent,PHASE=Grounded,ROLL=2.0,PITCH=0.0,YAW=0.0
2026 IN-SPACe-PVC,179.16,688,-0.04,101325.00,25.00,7.40,0,0.000000,0.000000,0.00,8,0.00,0.00,Descent,PHASE=Grounded,ROLL=2.0,PITCH=0.0,YAW=0.0
2026 IN-SPACe-PVC,179.42,689,0.00,101325.00,25.00,7.40,0,0.000000,0.000000,0.00,8,0.00,0.00,Descent,PHASE=Grounded,ROLL=2.0,PITCH=0.0,YAW=0.0
2026 IN-SPACe-PVC,179.68,690,-0.02,101325.00,25.00,7.40,0,0.000000,0.000000,0.00,8,0.00,0.00,Descent,PHASE=Grounded,ROLL=2.0,PITCH=0.0,YAW=0.0
2026 IN-SPACe-PVC,179.94,691,0.01,101325.00,25.00,7.40,0,0.000000,0.000000,0.00,8,0.00,0.00,Descent,PHASE=Grounded,ROLL=2.0,PITCH=0.0,YAW=0.0
2026 IN-SPACe-PVC,180.20,692,-0.07,101325.00,25.00,7.40,0,0.000000,0.000000,0.00,8,0.00,0.00,Descent,PHASE=Grounded,ROLL=2.0,PITCH=0.0,YAW=0.0
2026 IN-SPACe-PVC,180.46,693,-0.01,101325.00,25.00,7.40,0,0.000000,0.000000,0.00,8,0.00,0.00,Descent,PHASE=Grounded,ROLL=2.0,PITCH=0.0,YAW=0.0
2026 IN-SPACe-PVC,180.72,694,-0.06,101325.00,25.00,7.40,0,0.000000,0.000000,0.00,8,0.00,0.00,Descent,PHASE=Grounded,ROLL=2.0,PITCH=0.0,YAW=0.0
2026 IN-SPACe-PVC,180.98,695,-0.09,101325.00,25.00,7.40,0,0.000000,0.000000,0.00,8,0.00,0.00,Descent,PHASE=Grounded,ROLL=2.0,PITCH=0.0,YAW=0.0
2026 IN-SPACe-PVC,181.24,696,0.00,101325.00,25.00,7.40,0,0.000000,0.000000,0.00,8,0.00,0.00,Descent,PHASE=Grounded,ROLL=2.0,PITCH=0.0,YAW=0.0
2026 IN-SPACe-PVC,181.50,697,-0.00,101325.00,25.00,7.40,0,0.000000,0.000000,0.00,8,0.00,0.00,Descent,PHASE=Grounded,ROLL=2.0,PITCH=0.0,YAW=0.0
2026 IN-SPACe-PVC,181.76,698,0.01,101325.00,25.00,7.40,0,0.000000,0.000000,0.00,8,0.00,0.00,Descent,PHASE=Grounded,ROLL=2.0,PITCH=0.0,YAW=0.0
